/*
	Auteur : Paul-Loup Germain & Mathias Bourqui
	Date : 21/01/2022
	Projet : Création du fichier permettant d'insérer les donnés dans la base de donnée Moukitube
*/

USE Moukitube

INSERT INTO [Moukitube].[dbo].[subscriptions] (id,types)
VALUES
  (1,'Free'),
  (2,'Premium'),
  (3,'Free'),
  (4,'Free'),
  (5,'Free'),
  (6,'Free'),
  (7,'Premium'),
  (8,'Premium'),
  (9,'Free'),
  (10,'Free'),
  (11,'Premium'),
  (12,'Free'),
  (13,'Premium'),
  (14,'Premium'),
  (15,'Free'),
  (16,'Free'),
  (17,'Free'),
  (18,'Free'),
  (19,'Premium'),
  (20,'Free'),
  (21,'Premium'),
  (22,'Free'),
  (23,'Free'),
  (24,'Premium'),
  (25,'Premium'),
  (26,'Free'),
  (27,'Free'),
  (28,'Free'),
  (29,'Free'),
  (30,'Free'),
  (31,'Free'),
  (32,'Premium'),
  (33,'Premium'),
  (34,'Free'),
  (35,'Free'),
  (36,'Free'),
  (37,'Premium'),
  (38,'Free'),
  (39,'Premium'),
  (40,'Free'),
  (41,'Free'),
  (42,'Free'),
  (43,'Premium'),
  (44,'Premium'),
  (45,'Premium'),
  (46,'Free'),
  (47,'Premium'),
  (48,'Free'),
  (49,'Premium'),
  (50,'Premium'),
  (51,'Free'),
  (52,'Free'),
  (53,'Premium'),
  (54,'Premium'),
  (55,'Free'),
  (56,'Free'),
  (57,'Free'),
  (58,'Free'),
  (59,'Premium'),
  (60,'Free'),
  (61,'Free'),
  (62,'Premium'),
  (63,'Free'),
  (64,'Premium'),
  (65,'Free'),
  (66,'Premium'),
  (67,'Premium'),
  (68,'Free'),
  (69,'Premium'),
  (70,'Premium'),
  (71,'Free'),
  (72,'Free'),
  (73,'Free'),
  (74,'Premium'),
  (75,'Premium'),
  (76,'Premium'),
  (77,'Free'),
  (78,'Free'),
  (79,'Premium'),
  (80,'Free'),
  (81,'Premium'),
  (82,'Free'),
  (83,'Free'),
  (84,'Free'),
  (85,'Premium'),
  (86,'Premium'),
  (87,'Free'),
  (88,'Free'),
  (89,'Free'),
  (90,'Premium'),
  (91,'Free'),
  (92,'Free'),
  (93,'Free'),
  (94,'Premium'),
  (95,'Free'),
  (96,'Free'),
  (97,'Free'),
  (98,'Premium'),
  (99,'Free'),
  (100,'Premium'),
  (101,'Premium'),
  (102,'Free'),
  (103,'Premium'),
  (104,'Free'),
  (105,'Free'),
  (106,'Free'),
  (107,'Free'),
  (108,'Free'),
  (109,'Premium'),
  (110,'Free'),
  (111,'Free'),
  (112,'Premium'),
  (113,'Free'),
  (114,'Free'),
  (115,'Free'),
  (116,'Premium'),
  (117,'Premium'),
  (118,'Free'),
  (119,'Free'),
  (120,'Premium'),
  (121,'Free'),
  (122,'Premium'),
  (123,'Free'),
  (124,'Premium'),
  (125,'Premium'),
  (126,'Premium'),
  (127,'Premium'),
  (128,'Premium'),
  (129,'Premium'),
  (130,'Free'),
  (131,'Premium'),
  (132,'Premium'),
  (133,'Free'),
  (134,'Free'),
  (135,'Free'),
  (136,'Free'),
  (137,'Premium'),
  (138,'Free'),
  (139,'Free'),
  (140,'Free'),
  (141,'Free'),
  (142,'Free'),
  (143,'Free'),
  (144,'Free'),
  (145,'Free'),
  (146,'Free'),
  (147,'Free'),
  (148,'Premium'),
  (149,'Premium'),
  (150,'Premium'),
  (151,'Free'),
  (152,'Premium'),
  (153,'Premium'),
  (154,'Premium'),
  (155,'Premium'),
  (156,'Premium'),
  (157,'Free'),
  (158,'Free'),
  (159,'Free'),
  (160,'Free'),
  (161,'Premium'),
  (162,'Premium'),
  (163,'Free'),
  (164,'Free'),
  (165,'Premium'),
  (166,'Premium'),
  (167,'Free'),
  (168,'Free'),
  (169,'Free'),
  (170,'Premium'),
  (171,'Free'),
  (172,'Premium'),
  (173,'Premium'),
  (174,'Premium'),
  (175,'Premium'),
  (176,'Free'),
  (177,'Free'),
  (178,'Premium'),
  (179,'Premium'),
  (180,'Free'),
  (181,'Premium'),
  (182,'Premium'),
  (183,'Premium'),
  (184,'Premium'),
  (185,'Premium'),
  (186,'Free'),
  (187,'Premium'),
  (188,'Premium'),
  (189,'Free'),
  (190,'Premium'),
  (191,'Premium'),
  (192,'Premium'),
  (193,'Premium'),
  (194,'Free'),
  (195,'Premium'),
  (196,'Premium'),
  (197,'Premium'),
  (198,'Premium'),
  (199,'Free'),
  (200,'Premium');
GO

INSERT INTO [Moukitube].[dbo].[monetization] (id,date,amount)
VALUES
  (1,'Feb 4, 2010','$8232.37'),
  (2,'Aug 12, 2012','$1409.89'),
  (3,'Dec 8, 2014','$7465.46'),
  (4,'Jul 14, 2019','$2663.54'),
  (5,'May 20, 2014','$3370.38'),
  (6,'Nov 6, 2021','$4759.42'),
  (7,'Aug 3, 2012','$2766.07'),
  (8,'Oct 9, 2021','$519.97'),
  (9,'May 19, 2018','$9990.00'),
  (10,'Nov 19, 2012','$7527.76'),
  (11,'May 7, 2018','$8921.50'),
  (12,'Nov 9, 2010','$9443.61'),
  (13,'Jun 25, 2019','$4510.02'),
  (14,'Sep 19, 2019','$7289.89'),
  (15,'Feb 19, 2013','$8794.17'),
  (16,'May 18, 2020','$6409.76'),
  (17,'Jul 26, 2014','$5413.99'),
  (18,'Dec 14, 2012','$9541.63'),
  (19,'Aug 22, 2018','$6367.38'),
  (20,'Apr 10, 2011','$1909.82'),
  (21,'Jul 26, 2022','$2502.40'),
  (22,'Aug 28, 2014','$7998.11'),
  (23,'May 30, 2020','$4989.28'),
  (24,'Nov 12, 2010','$2801.63'),
  (25,'Jan 28, 2016','$120.22'),
  (26,'Sep 12, 2021','$8801.54'),
  (27,'Sep 14, 2014','$6202.82'),
  (28,'Apr 28, 2019','$8145.34'),
  (29,'Aug 26, 2015','$404.54'),
  (30,'Apr 16, 2011','$452.98'),
  (31,'Dec 12, 2010','$3009.13'),
  (32,'Oct 27, 2018','$4601.12'),
  (33,'Mar 16, 2012','$9722.38'),
  (34,'Mar 30, 2010','$4252.12'),
  (35,'Sep 11, 2014','$1967.34'),
  (36,'Jul 4, 2017','$4236.02'),
  (37,'Jun 7, 2019','$1928.89'),
  (38,'Jan 24, 2016','$1820.90'),
  (39,'Aug 26, 2018','$7406.57'),
  (40,'Apr 14, 2013','$5180.87'),
  (41,'Feb 15, 2019','$473.13'),
  (42,'Nov 11, 2011','$1792.15'),
  (43,'Aug 19, 2011','$3907.40'),
  (44,'Jan 1, 2017','$2318.01'),
  (45,'Apr 1, 2020','$9201.03'),
  (46,'Mar 14, 2010','$5493.25'),
  (47,'May 6, 2010','$1134.54'),
  (48,'Feb 7, 2017','$4483.10'),
  (49,'Jul 25, 2014','$7555.71'),
  (50,'Aug 4, 2016','$955.16'),
  (51,'May 2, 2016','$8863.47'),
  (52,'Apr 18, 2011','$6918.04'),
  (53,'Dec 18, 2010','$3849.78'),
  (54,'May 21, 2013','$4981.55'),
  (55,'Jun 9, 2013','$2822.08'),
  (56,'Jun 27, 2012','$1736.27'),
  (57,'Apr 10, 2011','$8427.33'),
  (58,'Feb 17, 2012','$7725.22'),
  (59,'Jan 17, 2022','$2152.09'),
  (60,'Jan 17, 2018','$3015.02'),
  (61,'May 31, 2015','$8824.40'),
  (62,'Jun 19, 2018','$5035.76'),
  (63,'Feb 29, 2012','$8939.70'),
  (64,'Mar 10, 2019','$5337.93'),
  (65,'Aug 25, 2015','$7952.45'),
  (66,'Oct 3, 2012','$4655.07'),
  (67,'Jan 21, 2014','$1749.47'),
  (68,'Dec 12, 2010','$4095.31'),
  (69,'Jan 17, 2012','$7968.54'),
  (70,'Feb 20, 2020','$2732.95'),
  (71,'Aug 27, 2019','$5726.37'),
  (72,'Apr 1, 2021','$4604.48'),
  (73,'Jun 26, 2014','$120.46'),
  (74,'Sep 4, 2020','$5027.73'),
  (75,'Dec 26, 2019','$3227.72'),
  (76,'Apr 4, 2012','$8725.52'),
  (77,'Apr 13, 2022','$2743.09'),
  (78,'Jun 2, 2011','$6185.85'),
  (79,'Apr 4, 2019','$86.51'),
  (80,'Oct 22, 2018','$2090.96'),
  (81,'Nov 29, 2014','$3027.44'),
  (82,'Jan 1, 2013','$4955.01'),
  (83,'Nov 11, 2015','$4712.66'),
  (84,'Apr 2, 2010','$6543.95'),
  (85,'May 9, 2016','$6274.76'),
  (86,'Jan 31, 2022','$1065.26'),
  (87,'Sep 24, 2013','$8464.45'),
  (88,'Apr 4, 2015','$6941.49'),
  (89,'Aug 24, 2022','$1148.48'),
  (90,'Sep 22, 2019','$2447.07'),
  (91,'Oct 11, 2016','$1732.74'),
  (92,'Jul 6, 2012','$687.15'),
  (93,'Aug 21, 2014','$9841.10'),
  (94,'Nov 26, 2012','$3439.42'),
  (95,'Apr 26, 2011','$3896.95'),
  (96,'Aug 16, 2019','$110.04'),
  (97,'Jun 24, 2013','$7823.77'),
  (98,'Dec 6, 2020','$4071.52'),
  (99,'Jan 29, 2021','$1000.33'),
  (100,'May 28, 2018','$2945.67'),
  (101,'Aug 7, 2017','$4050.12'),
  (102,'Oct 27, 2016','$9000.63'),
  (103,'Oct 2, 2013','$459.92'),
  (104,'Jun 11, 2022','$2786.93'),
  (105,'May 4, 2016','$562.11'),
  (106,'Mar 11, 2022','$7250.80'),
  (107,'Nov 12, 2017','$8641.76'),
  (108,'Apr 28, 2016','$8453.16'),
  (109,'Jul 29, 2018','$2937.09'),
  (110,'Nov 23, 2018','$3973.38'),
  (111,'Jan 10, 2014','$8470.45'),
  (112,'Dec 5, 2022','$1058.28'),
  (113,'Aug 1, 2010','$3163.66'),
  (114,'Jul 24, 2016','$7879.74'),
  (115,'May 12, 2016','$9227.85'),
  (116,'May 21, 2011','$6560.09'),
  (117,'Feb 27, 2016','$4892.13'),
  (118,'Aug 7, 2011','$3178.87'),
  (119,'Mar 20, 2014','$2140.99'),
  (120,'Sep 18, 2013','$1955.96'),
  (121,'Oct 24, 2018','$8018.09'),
  (122,'May 17, 2012','$981.31'),
  (123,'Mar 28, 2017','$7320.47'),
  (124,'May 11, 2021','$7794.42'),
  (125,'Oct 13, 2012','$9999.54'),
  (126,'Mar 30, 2014','$4152.54'),
  (127,'Jun 13, 2012','$6403.62'),
  (128,'Jul 26, 2015','$2596.76'),
  (129,'May 13, 2021','$1100.38'),
  (130,'Jul 3, 2022','$5813.63'),
  (131,'Mar 28, 2014','$7381.20'),
  (132,'Jul 31, 2020','$4464.91'),
  (133,'Aug 9, 2012','$5548.35'),
  (134,'Dec 4, 2020','$616.93'),
  (135,'May 29, 2020','$4256.92'),
  (136,'Jun 17, 2018','$1410.66'),
  (137,'Mar 1, 2012','$4630.69'),
  (138,'Mar 8, 2011','$269.59'),
  (139,'Aug 15, 2010','$4510.81'),
  (140,'Dec 24, 2022','$6239.14'),
  (141,'Jun 4, 2010','$2852.43'),
  (142,'Apr 26, 2016','$3248.93'),
  (143,'May 25, 2011','$4109.56'),
  (144,'Mar 11, 2014','$9113.10'),
  (145,'Feb 27, 2019','$6267.56'),
  (146,'Apr 16, 2015','$1433.73'),
  (147,'Mar 24, 2018','$7331.69'),
  (148,'Mar 15, 2010','$5491.55'),
  (149,'Feb 5, 2018','$9743.18'),
  (150,'Aug 27, 2018','$8111.25'),
  (151,'Sep 18, 2014','$6023.35'),
  (152,'Jun 16, 2017','$8959.36'),
  (153,'Nov 7, 2015','$8830.26'),
  (154,'Dec 5, 2021','$9705.58'),
  (155,'Jun 19, 2019','$7496.66'),
  (156,'Dec 17, 2021','$5876.82'),
  (157,'Feb 15, 2015','$2390.22'),
  (158,'Dec 20, 2013','$5346.92'),
  (159,'Dec 28, 2020','$7168.80'),
  (160,'Jan 2, 2010','$8796.66'),
  (161,'Apr 29, 2018','$94.89'),
  (162,'Oct 17, 2022','$491.11'),
  (163,'Feb 18, 2010','$1819.00'),
  (164,'Dec 11, 2019','$4693.18'),
  (165,'Jul 27, 2012','$8765.33'),
  (166,'Feb 22, 2013','$2951.80'),
  (167,'Dec 9, 2016','$7266.39'),
  (168,'Dec 7, 2015','$4725.59'),
  (169,'Feb 5, 2022','$7074.92'),
  (170,'Apr 17, 2016','$2469.72'),
  (171,'Oct 15, 2019','$1132.73'),
  (172,'Oct 28, 2019','$6794.94'),
  (173,'Nov 17, 2015','$7027.68'),
  (174,'Feb 6, 2022','$1426.71'),
  (175,'Aug 14, 2011','$550.90'),
  (176,'Oct 18, 2022','$7929.14'),
  (177,'Oct 21, 2017','$8666.06'),
  (178,'Jul 17, 2014','$9901.60'),
  (179,'Feb 4, 2012','$4561.53'),
  (180,'Jun 4, 2015','$7454.47'),
  (181,'Aug 21, 2018','$5293.43'),
  (182,'Oct 5, 2017','$7457.38'),
  (183,'Aug 18, 2016','$6531.29'),
  (184,'Aug 8, 2017','$1780.91'),
  (185,'Jun 9, 2012','$2623.47'),
  (186,'Nov 17, 2013','$6357.35'),
  (187,'Sep 4, 2016','$759.88'),
  (188,'Oct 18, 2012','$8566.75'),
  (189,'Nov 29, 2020','$759.17'),
  (190,'Dec 21, 2016','$2596.74'),
  (191,'May 31, 2018','$6573.01'),
  (192,'Jun 16, 2022','$8293.61'),
  (193,'Aug 29, 2017','$1774.01'),
  (194,'Apr 6, 2015','$9818.17'),
  (195,'May 16, 2012','$1011.34'),
  (196,'Jul 29, 2012','$600.07'),
  (197,'Jan 7, 2017','$5469.71'),
  (198,'Jan 23, 2016','$5659.54'),
  (199,'Sep 20, 2016','$2608.08'),
  (200,'Mar 2, 2021','$8159.41');
GO

INSERT INTO [Moukitube].[dbo].[channel] (id,name,date,monetization_id)
VALUES
  (1,'vestibulum.','Nov 19, 2013',1),
  (2,'nunc, ullamcorper','Jan 4, 2012',2),
  (3,'consectetuer adipiscing','Aug 18, 2020',3),
  (4,'feugiat nec,','Jul 13, 2014',4),
  (5,'sem','Sep 2, 2017',5),
  (6,'Maecenas','Jun 11, 2019',6),
  (7,'Sed malesuada','Apr 8, 2013',7),
  (8,'ligula. Aenean','May 5, 2017',8),
  (9,'velit justo','Dec 14, 2010',9),
  (10,'posuere','Jun 9, 2021',10),
  (11,'nec urna','Aug 29, 2020',11),
  (12,'fringilla','May 22, 2017',12),
  (13,'egestas. Fusce','Jul 6, 2011',13),
  (14,'Morbi','May 23, 2016',14),
  (15,'Aenean eget','Mar 8, 2021',15),
  (16,'Nunc ut','Mar 3, 2011',16),
  (17,'nisl.','Aug 16, 2021',17),
  (18,'eget','Dec 22, 2010',18),
  (19,'congue, elit','Feb 18, 2018',19),
  (20,'vulputate, risus','Oct 7, 2016',20),
  (21,'ac facilisis','Sep 13, 2010',21),
  (22,'Aenean sed','Dec 6, 2012',22),
  (23,'Duis','Dec 24, 2015',23),
  (24,'amet,','Feb 14, 2010',24),
  (25,'tellus.','Oct 5, 2018',25),
  (26,'at auctor','Mar 18, 2013',26),
  (27,'Duis gravida.','Jun 8, 2016',27),
  (28,'elit. Nulla','Jul 14, 2018',28),
  (29,'non arcu.','Nov 2, 2017',29),
  (30,'Nunc','Jan 13, 2021',30),
  (31,'massa. Suspendisse','Dec 18, 2012',31),
  (32,'dictum','Jan 17, 2013',32),
  (33,'Duis','May 9, 2011',33),
  (34,'urna','Mar 8, 2020',34),
  (35,'sem','Jul 7, 2018',35),
  (36,'sapien','Apr 3, 2016',36),
  (37,'Donec','Aug 11, 2019',37),
  (38,'ut, sem.','Mar 29, 2014',38),
  (39,'In','Sep 24, 2019',39),
  (40,'Vivamus','May 8, 2018',40),
  (41,'neque','Sep 11, 2014',41),
  (42,'elementum','May 2, 2015',42),
  (43,'ac facilisis','Aug 21, 2013',43),
  (44,'sit amet','May 29, 2010',44),
  (45,'non, luctus','Oct 29, 2010',45),
  (46,'dolor.','Mar 22, 2021',46),
  (47,'et pede.','Oct 2, 2012',47),
  (48,'ac ipsum.','May 22, 2018',48),
  (49,'risus. In','Apr 3, 2021',49),
  (50,'eleifend egestas.','Mar 26, 2016',50),
  (51,'hymenaeos. Mauris','Sep 12, 2010',51),
  (52,'at, iaculis','Sep 18, 2013',52),
  (53,'sagittis lobortis','Dec 3, 2016',53),
  (54,'tristique','Nov 4, 2012',54),
  (55,'Pellentesque habitant','Dec 22, 2010',55),
  (56,'porttitor eros','Jul 25, 2014',56),
  (57,'nisi.','Oct 1, 2012',57),
  (58,'Duis gravida.','Oct 31, 2015',58),
  (59,'faucibus id,','Apr 8, 2020',59),
  (60,'sit amet,','Nov 12, 2019',60),
  (61,'non,','Jul 3, 2019',61),
  (62,'lacinia vitae,','Jan 23, 2016',62),
  (63,'nunc','Jul 16, 2013',63),
  (64,'viverra. Maecenas','Jul 16, 2020',64),
  (65,'tellus sem','Jul 27, 2018',65),
  (66,'Fusce fermentum','Sep 22, 2010',66),
  (67,'Cras convallis','Dec 17, 2014',67),
  (68,'interdum enim','Nov 26, 2021',68),
  (69,'Cras','Oct 24, 2019',69),
  (70,'lorem','Feb 6, 2014',70),
  (71,'lectus pede,','Jun 28, 2016',71),
  (72,'Aliquam nisl.','Oct 20, 2015',72),
  (73,'Phasellus','Nov 13, 2015',73),
  (74,'mi','Jun 5, 2017',74),
  (75,'rhoncus','Apr 17, 2020',75),
  (76,'scelerisque','Sep 13, 2012',76),
  (77,'Cras','Apr 6, 2021',77),
  (78,'eu erat','Oct 10, 2010',78),
  (79,'ante','Apr 17, 2013',79),
  (80,'Cras','Jan 16, 2016',80),
  (81,'mattis.','Apr 29, 2017',81),
  (82,'dis parturient','May 19, 2021',82),
  (83,'sed libero.','Feb 8, 2016',83),
  (84,'elit. Etiam','Apr 22, 2013',84),
  (85,'euismod mauris','Apr 24, 2015',85),
  (86,'tellus','Sep 7, 2018',86),
  (87,'in felis.','Sep 9, 2012',87),
  (88,'congue,','Dec 17, 2013',88),
  (89,'lobortis quam','Jun 2, 2011',89),
  (90,'Nulla','Jul 31, 2018',90),
  (91,'et magnis','Apr 22, 2021',91),
  (92,'bibendum fermentum','Sep 8, 2021',92),
  (93,'Suspendisse','Jan 25, 2020',93),
  (94,'erat. Sed','Dec 16, 2021',94),
  (95,'cursus','Dec 1, 2020',95),
  (96,'eget,','May 6, 2016',96),
  (97,'mauris blandit','Jul 28, 2012',97),
  (98,'tellus','May 6, 2017',98),
  (99,'Sed id','Aug 28, 2012',99),
  (100,'tincidunt,','May 28, 2013',100),
  (101,'porttitor tellus','Jun 27, 2010',101),
  (102,'et,','Mar 18, 2021',102),
  (103,'et risus.','Nov 8, 2017',103),
  (104,'molestie','Aug 28, 2013',104),
  (105,'quis, tristique','Aug 3, 2015',105),
  (106,'sociosqu ad','Jul 15, 2015',106),
  (107,'mi fringilla','Feb 22, 2017',107),
  (108,'sagittis semper.','Jan 13, 2011',108),
  (109,'Aenean eget','Jul 12, 2013',109),
  (110,'egestas','Nov 29, 2010',110),
  (111,'lacus. Mauris','Apr 18, 2017',111),
  (112,'risus.','Oct 21, 2018',112),
  (113,'diam','Oct 10, 2019',113),
  (114,'eget varius','Nov 27, 2017',114),
  (115,'velit eget','Oct 27, 2016',115),
  (116,'Quisque','Dec 10, 2016',116),
  (117,'facilisis','Feb 16, 2013',117),
  (118,'Integer','Mar 23, 2021',118),
  (119,'tincidunt','Apr 2, 2019',119),
  (120,'neque venenatis','Mar 18, 2019',120),
  (121,'Curabitur','Nov 26, 2017',121),
  (122,'Nunc','Jun 29, 2013',122),
  (123,'natoque','Mar 4, 2010',123),
  (124,'blandit at,','Sep 2, 2018',124),
  (125,'imperdiet, erat','Mar 20, 2016',125),
  (126,'iaculis','Jul 25, 2011',126),
  (127,'sit','Dec 10, 2013',127),
  (128,'nascetur ridiculus','Jul 23, 2014',128),
  (129,'neque vitae','Nov 10, 2013',129),
  (130,'lorem tristique','Mar 27, 2011',130),
  (131,'nibh. Aliquam','Jan 17, 2013',131),
  (132,'dolor vitae','Apr 15, 2020',132),
  (133,'Donec tempus,','Jul 31, 2011',133),
  (134,'magna.','Apr 23, 2013',134),
  (135,'Proin','Dec 23, 2018',135),
  (136,'lorem','Oct 7, 2011',136),
  (137,'ornare.','Oct 30, 2014',137),
  (138,'pede, nonummy','Mar 13, 2012',138),
  (139,'turpis','Jun 16, 2014',139),
  (140,'et malesuada','Jan 15, 2016',140),
  (141,'sed','Mar 16, 2020',141),
  (142,'quis,','Nov 12, 2010',142),
  (143,'et nunc.','Nov 12, 2020',143),
  (144,'sagittis','Jun 22, 2017',144),
  (145,'diam nunc,','Apr 1, 2021',145),
  (146,'magna tellus','Jan 17, 2022',146),
  (147,'In scelerisque','Aug 5, 2016',147),
  (148,'quam,','Aug 1, 2020',148),
  (149,'mauris sit','Mar 3, 2021',149),
  (150,'vitae purus','Jul 26, 2020',150),
  (151,'sit','Nov 16, 2011',151),
  (152,'morbi','Dec 8, 2016',152),
  (153,'magna.','Oct 14, 2010',153),
  (154,'sit amet','Oct 25, 2019',154),
  (155,'egestas. Duis','Apr 16, 2021',155),
  (156,'lectus','Sep 7, 2010',156),
  (157,'Donec','Dec 31, 2021',157),
  (158,'metus facilisis','Apr 7, 2018',158),
  (159,'ultrices','Nov 12, 2014',159),
  (160,'sollicitudin adipiscing','Dec 3, 2021',160),
  (161,'aptent','May 21, 2015',161),
  (162,'Integer sem','Aug 1, 2021',162),
  (163,'diam nunc,','Jun 7, 2018',163),
  (164,'lobortis risus.','Mar 19, 2019',164),
  (165,'velit eu','Dec 16, 2018',165),
  (166,'ut, sem.','Mar 5, 2016',166),
  (167,'lorem','May 16, 2016',167),
  (168,'ultrices','Apr 30, 2018',168),
  (169,'natoque','Nov 9, 2016',169),
  (170,'in, hendrerit','May 25, 2017',170),
  (171,'semper, dui','Mar 29, 2015',171),
  (172,'Cras','Dec 9, 2013',172),
  (173,'Aenean','Aug 1, 2017',173),
  (174,'fringilla mi','Jan 26, 2015',174),
  (175,'euismod est','Nov 15, 2014',175),
  (176,'pellentesque,','Feb 25, 2012',176),
  (177,'at, libero.','Mar 2, 2016',177),
  (178,'a, magna.','Sep 26, 2017',178),
  (179,'adipiscing lacus.','Feb 4, 2012',179),
  (180,'ultrices iaculis','Mar 15, 2010',180),
  (181,'enim. Curabitur','May 26, 2012',181),
  (182,'Suspendisse aliquet','Mar 9, 2011',182),
  (183,'massa. Quisque','Dec 3, 2012',183),
  (184,'pharetra nibh.','Jan 9, 2011',184),
  (185,'cursus','Sep 4, 2010',185),
  (186,'rhoncus id,','Nov 17, 2011',186),
  (187,'aliquet.','Feb 19, 2016',187),
  (188,'accumsan convallis,','Jul 30, 2020',188),
  (189,'erat.','Sep 6, 2013',189),
  (190,'lacus vestibulum','Jun 29, 2019',190),
  (191,'et','Nov 21, 2011',191),
  (192,'consequat','Oct 5, 2013',192),
  (193,'dictum mi,','Apr 22, 2014',193),
  (194,'Cras','Sep 20, 2013',194),
  (195,'libero','Aug 11, 2010',195),
  (196,'tristique','Jan 21, 2021',196),
  (197,'arcu. Sed','Oct 31, 2018',197),
  (198,'sagittis','Dec 18, 2016',198),
  (199,'orci quis','Nov 18, 2011',199),
  (200,'turpis.','Apr 7, 2019',200);
GO

INSERT INTO [Moukitube].[dbo].[users] (id,name,firstname,email,password,date,channel_id,subscriptions_id)
VALUES
  (1,'Noel','Hiroko','risus.quisque@yahoo.edu','VEN44JJJ4HW','Oct 25, 1970',1,1),
  (2,'Lester','William','vestibulum.massa@icloud.ca','NTX41BMB3JQ','Mar 18, 1965',2,2),
  (3,'Avila','Zeus','gravida.molestie@yahoo.com','FML60SJT3JC','Apr 22, 1977',3,3),
  (4,'Saunders','Thomas','erat@icloud.net','EKW18QIH3UE','Jan 13, 2007',4,4),
  (5,'Mcleod','Karyn','proin.ultrices.duis@hotmail.org','HQT93VJU5PB','Jun 29, 1990',5,5),
  (6,'Duke','Samantha','nullam.vitae@icloud.edu','YVH64FIW8XD','Jun 5, 1969',6,6),
  (7,'Spence','Hannah','sed.malesuada.augue@aol.org','WWR64CBM7BJ','Dec 28, 1983',7,7),
  (8,'Lopez','Kyla','rhoncus.id@google.com','WTG71GQX5DR','Apr 5, 2008',8,8),
  (9,'Bryan','Lillian','metus.vitae@hotmail.com','HNY71ZZH7JG','Aug 6, 1974',9,9),
  (10,'Mueller','Alexandra','nec.eleifend@protonmail.edu','GDB84CNI5WV','Apr 23, 2001',10,10),
  (11,'Clemons','Mercedes','proin.vel@yahoo.edu','FRB25LDX3IH','Dec 27, 1978',11,11),
  (12,'Berry','Preston','placerat.augue@google.net','MRY59DQI1DM','Aug 10, 1996',12,12),
  (13,'Levine','Boris','erat.vivamus.nisi@aol.com','OSX25GXE7MQ','May 1, 2007',13,13),
  (14,'Barry','Keelie','tellus.eu@hotmail.net','YNM38DNR4LE','Dec 20, 1961',14,14),
  (15,'Short','Raymond','mauris.magna@yahoo.org','LCE15VYJ8YI','Mar 4, 1984',15,15),
  (16,'Rush','Griffith','ut@protonmail.edu','KOA31SGF1HJ','Feb 22, 1976',16,16),
  (17,'Delgado','Rhona','vehicula.risus@google.com','EQF07UBP6UM','Oct 15, 1972',17,17),
  (18,'Prince','Wang','tortor.nunc.commodo@icloud.ca','XJK41SUU4SV','Jan 27, 1988',18,18),
  (19,'Bond','Bert','nascetur.ridiculus@aol.org','AML25MIP7VD','May 2, 2004',19,19),
  (20,'Middleton','Malcolm','arcu@hotmail.net','LEM32PRH4HQ','Jan 18, 1985',20,20),
  (21,'Bartlett','Patrick','neque.in@yahoo.com','CBV23DTG5OD','Apr 29, 1998',21,21),
  (22,'Owens','Fulton','dapibus.quam@yahoo.couk','BVH05DUI6PE','Feb 22, 2006',22,22),
  (23,'Gibbs','Macy','ultricies.ligula.nullam@icloud.couk','IPL31EII1SQ','Aug 18, 1960',23,23),
  (24,'Stevens','Wynne','nisi@protonmail.org','NOQ18DSG4EN','Apr 27, 2005',24,24),
  (25,'Hurley','Lila','imperdiet.ornare@icloud.net','YKH69EFI4MU','May 22, 1989',25,25),
  (26,'Shelton','Jolene','ipsum@google.com','VEJ54BAE3HT','May 9, 1960',26,26),
  (27,'Bender','Sawyer','cras.dolor.dolor@google.ca','ORW47FYG6PC','Apr 13, 1988',27,27),
  (28,'Andrews','Mari','ipsum@hotmail.edu','BTO78TDR6GX','Nov 23, 1998',28,28),
  (29,'Bonner','Mia','parturient@yahoo.ca','BIO34AMK2AS','Mar 15, 1961',29,29),
  (30,'Dotson','Alexander','purus.maecenas@google.com','AMI36XFW2UU','Nov 30, 1978',30,30),
  (31,'Ayala','Reese','libero.integer.in@yahoo.org','NZQ23TDO8FD','Apr 7, 2006',31,31),
  (32,'Mcintyre','Jessamine','in.tincidunt@protonmail.edu','EWI12WFB7XN','Apr 9, 1986',32,32),
  (33,'Delgado','Odessa','luctus.curabitur@aol.com','JRL63HPI8TW','Aug 11, 1994',33,33),
  (34,'Simpson','Abbot','aenean.eget.magna@icloud.couk','CWV63UXC7FK','Feb 21, 1983',34,34),
  (35,'Watkins','Carter','auctor.non@aol.com','JFM17ROQ4CZ','Jul 16, 1992',35,35),
  (36,'Ayers','Alexis','eu@icloud.edu','FCN11MEE4VG','Apr 21, 1974',36,36),
  (37,'Vargas','Reese','etiam.laoreet.libero@icloud.ca','OVS79AQR4XU','Jan 16, 2005',37,37),
  (38,'Shields','Shaeleigh','eu.euismod@outlook.org','INU32NXM5ZF','Aug 15, 1980',38,38),
  (39,'Adams','Kevyn','fusce.diam@aol.edu','WKR17WWJ3UE','Apr 22, 1982',39,39),
  (40,'Moon','Renee','adipiscing.elit@hotmail.edu','ECH78GXM3OA','May 30, 2001',40,40),
  (41,'Decker','Ivan','nibh.phasellus@google.com','BMR47HDG2PD','Dec 12, 1997',41,41),
  (42,'Gross','Gemma','fringilla@protonmail.ca','YRH52KVL3SQ','Jan 2, 1966',42,42),
  (43,'Whitaker','Alvin','nulla.interdum.curabitur@google.couk','STF88GTC8DA','Jan 30, 1985',43,43),
  (44,'Savage','Julie','vitae.orci@icloud.ca','YJB09GXL7MA','Jul 27, 1993',44,44),
  (45,'Franks','Keane','dictum.phasellus.in@aol.net','SSX32EHX5YC','May 23, 1977',45,45),
  (46,'Gaines','Mona','nibh.lacinia@icloud.edu','IQS75VIE5KQ','Jun 15, 1964',46,46),
  (47,'Duke','Daquan','aliquam.adipiscing@google.couk','CEX60WNT1LP','Jun 5, 1960',47,47),
  (48,'Watkins','Timothy','cras@aol.net','YJK25WKA2DM','Jun 26, 1968',48,48),
  (49,'Fisher','Keefe','semper.egestas.urna@google.edu','XIN19DSP8QW','Mar 7, 2005',49,49),
  (50,'Hamilton','Chase','sit.amet.nulla@icloud.couk','RNF27EUB1LP','Oct 20, 2000',50,50),
  (51,'Berg','Nerea','ante.nunc.mauris@aol.edu','RUL15IYK4KL','Jun 17, 1979',51,51),
  (52,'Adams','Ima','ante.vivamus@hotmail.couk','NKI94HNM8TN','May 23, 2005',52,52),
  (53,'Mosley','April','nullam.enim.sed@outlook.org','JRG20SNH2TQ','Aug 20, 1976',53,53),
  (54,'Kelley','Quon','integer.tincidunt@icloud.edu','JZJ64OOI2MH','Mar 4, 2007',54,54),
  (55,'Webster','Martina','etiam.ligula.tortor@aol.net','FQH27BPC8DG','Sep 8, 1997',55,55),
  (56,'Delgado','Kaitlin','aliquam.adipiscing@icloud.org','GER56RVB7XO','Jun 9, 1988',56,56),
  (57,'Briggs','Moses','sed.nec.metus@google.couk','VOU68HQW8MZ','Sep 1, 2007',57,57),
  (58,'Hurley','Hasad','fringilla.est@protonmail.net','EAL11UKG2DT','Jan 19, 2001',58,58),
  (59,'Kline','Ray','sit@hotmail.ca','RXH41BUC3TM','Mar 1, 1977',59,59),
  (60,'Jacobs','Wyoming','aliquet.proin@icloud.com','IZH41QXI1RM','Aug 30, 1967',60,60),
  (61,'Dotson','Jeanette','eros@yahoo.com','CEL49ZEP2PM','Sep 28, 1994',61,61),
  (62,'Arnold','Avram','malesuada@google.net','IMY65EOC2FQ','Aug 16, 1968',62,62),
  (63,'Black','Maya','ligula@yahoo.couk','FIC07TSJ4JB','Aug 23, 2007',63,63),
  (64,'Combs','Debra','dolor@aol.org','HHL14GDB7OA','May 28, 1966',64,64),
  (65,'Clements','George','semper.dui@icloud.couk','QRJ81SKQ3KL','Jan 29, 1978',65,65),
  (66,'Rodriguez','Gray','vivamus@hotmail.couk','SHF58TCJ8PI','Apr 13, 1963',66,66),
  (67,'Small','Cairo','sagittis.semper@protonmail.net','DYG13VKF5EU','Jun 22, 1990',67,67),
  (68,'Munoz','Laurel','dapibus.ligula.aliquam@yahoo.ca','HVO36PGP4GO','May 22, 1974',68,68),
  (69,'Reilly','Kameko','mauris.non@hotmail.couk','BRN20SJU8MC','Jul 20, 1973',69,69),
  (70,'Roberts','Glenna','molestie.orci@protonmail.edu','XQK47WBK7IU','Mar 28, 1995',70,70),
  (71,'Foley','Miriam','malesuada@yahoo.ca','LZU62LJI8EN','Feb 4, 2002',71,71),
  (72,'Mccormick','Brady','eleifend.nunc.risus@hotmail.org','LGI65QVR2VR','Oct 25, 1985',72,72),
  (73,'Cherry','Julie','euismod@protonmail.net','HEX83HJN5SI','Jan 7, 1971',73,73),
  (74,'Landry','Nomlanga','dapibus.rutrum@hotmail.net','LAB25HRA1EN','Apr 6, 1964',74,74),
  (75,'Long','Kay','dis@google.ca','RHD26WCP7PC','Oct 25, 1998',75,75),
  (76,'Gould','Georgia','dapibus@yahoo.net','WGO62IAP4QQ','May 10, 1960',76,76),
  (77,'Moore','Cheyenne','suspendisse.ac@aol.org','IPH41RTK8MK','Feb 23, 2006',77,77),
  (78,'Coffey','Adena','leo@protonmail.net','DQF47IUQ3LI','Jul 10, 1994',78,78),
  (79,'Martin','Armando','mauris.integer@hotmail.edu','JNH45JNY3MK','Jun 6, 1969',79,79),
  (80,'Crane','Brent','tempor@protonmail.couk','JWT63HKB2BN','Feb 4, 1965',80,80),
  (81,'Delaney','Veda','suspendisse.sed.dolor@yahoo.com','WMN16EIH2SX','May 29, 1985',81,81),
  (82,'Gilbert','Lareina','nam@outlook.edu','JPT87TBF4QZ','Jul 16, 1973',82,82),
  (83,'Kirby','Armand','adipiscing@google.com','ZSN81UUY8YZ','Aug 27, 1960',83,83),
  (84,'Strong','Palmer','felis.eget.varius@hotmail.net','OVY22QPN6PW','May 21, 2004',84,84),
  (85,'Stone','Nash','neque.sed@icloud.com','MAE75WQP6XT','Apr 25, 1986',85,85),
  (86,'Hudson','Ebony','nec.imperdiet@aol.org','EIK70LQE2HN','Sep 3, 1962',86,86),
  (87,'Clayton','Dale','molestie.arcu.sed@outlook.org','JJO27IGO3YI','Apr 10, 1984',87,87),
  (88,'Hubbard','Marcia','a.nunc@yahoo.edu','RYO35FCM3ZQ','May 27, 1979',88,88),
  (89,'Allen','Tatum','aliquam@icloud.couk','ODJ61INF2YY','Feb 9, 1972',89,89),
  (90,'Villarreal','Judith','aliquam.nisl@icloud.couk','NBC61SKN9WX','Apr 30, 1999',90,90),
  (91,'Hatfield','Cairo','in.faucibus.morbi@icloud.org','SST61FQX7LD','Jan 29, 1973',91,91),
  (92,'Nielsen','Igor','pede.cum@hotmail.ca','ABJ22JNL8MI','Jul 19, 1988',92,92),
  (93,'William','Graham','risus.duis@hotmail.net','UNU13MGA6BZ','Jan 12, 1970',93,93),
  (94,'Poole','Hammett','imperdiet.ornare.in@protonmail.org','UAE80CKN3FR','Jun 8, 1999',94,94),
  (95,'Maxwell','Hiram','vitae.purus.gravida@hotmail.org','DQX81QDE3QP','Jul 15, 1973',95,95),
  (96,'Rutledge','Xenos','nam@icloud.edu','DYS21XPT0EO','Jan 24, 1980',96,96),
  (97,'Herrera','Ignacia','sed.nec.metus@aol.net','XCX68BLG3OV','Mar 25, 1976',97,97),
  (98,'Carr','Quin','ligula.tortor.dictum@aol.ca','IJD41QEC6BF','Mar 28, 1998',98,98),
  (99,'Hudson','Whilemina','magna.lorem@aol.org','AHF50VTN9MI','Jul 9, 2003',99,99),
  (100,'Rutledge','Brielle','egestas.urna@google.net','LHK81IIL1JO','Feb 27, 1990',100,100),
  (101,'Bartlett','Holly','aliquet@outlook.org','IHM14LSX6HG','Oct 8, 2009',101,101),
  (102,'Mooney','Dante','turpis.non.enim@icloud.org','NKG11EVM2OH','Mar 13, 1971',102,102),
  (103,'Stanley','Wing','placerat.orci@icloud.ca','TGV04TCN3LU','Jun 30, 1992',103,103),
  (104,'Gonzales','Shea','duis.ac@hotmail.org','HBE23FQN3SR','Nov 20, 1990',104,104),
  (105,'Holden','Hector','nulla.facilisis.suspendisse@hotmail.couk','XPP38NRP1DP','Nov 26, 1963',105,105),
  (106,'Gonzales','Xavier','malesuada@outlook.edu','IBN52HNM7RV','Mar 12, 2006',106,106),
  (107,'Roberson','Rebekah','bibendum.fermentum@google.edu','QVA64BKG7JK','Dec 8, 1980',107,107),
  (108,'Roberson','Mollie','lectus.cum@yahoo.net','HSR91HQH2MQ','Feb 28, 2004',108,108),
  (109,'Bell','Ann','consectetuer.adipiscing@outlook.org','VVK78KMI6KS','Feb 5, 2005',109,109),
  (110,'Cooley','Jackson','quam@google.org','CIN36FSL4XK','Oct 10, 1997',110,110),
  (111,'Hendrix','Dahlia','faucibus.leo@hotmail.ca','IYE38HXK0OS','Nov 7, 1986',111,111),
  (112,'Montoya','Carol','est.mollis@icloud.org','HWL88FHQ6KP','Oct 27, 1962',112,112),
  (113,'Mann','Vernon','egestas.sed@hotmail.com','WVL84MDE8PH','Jul 4, 2001',113,113),
  (114,'Howell','Eliana','eros.nam@google.couk','UOY56OBE7HG','Aug 10, 1997',114,114),
  (115,'Solomon','Renee','lorem@hotmail.com','UNO86KHK7PN','Aug 25, 2003',115,115),
  (116,'Blair','Raymond','sed.hendrerit@icloud.ca','DWT06ETE6NY','Apr 9, 1969',116,116),
  (117,'Neal','Shelby','ut.lacus@hotmail.net','HPW84WYG4ME','Jun 29, 2006',117,117),
  (118,'Alvarado','Herman','ut@yahoo.edu','MTX37LTB2DQ','Apr 23, 1992',118,118),
  (119,'Cooley','Gwendolyn','iaculis.aliquet@aol.net','BTL45CDB5PC','May 26, 1960',119,119),
  (120,'Martin','Nora','ac.sem@yahoo.couk','MFS11IJT8VG','Jun 28, 1975',120,120),
  (121,'Buchanan','Jael','eu.tellus@icloud.edu','DEM12XOX1UV','May 12, 1998',121,121),
  (122,'Ashley','Lunea','et@yahoo.couk','APX58CCZ7PR','May 16, 1992',122,122),
  (123,'Santos','Angelica','laoreet@outlook.edu','HEV72LUD8JL','Oct 26, 2007',123,123),
  (124,'Brewer','Oprah','sit@icloud.edu','VKS12GOY4WJ','Dec 23, 2003',124,124),
  (125,'Terrell','Carissa','eu.metus@aol.net','ABA11KYT6YJ','Aug 24, 1999',125,125),
  (126,'Oneal','Aladdin','et.ultrices@yahoo.ca','DER45FPA6QW','Jan 12, 1964',126,126),
  (127,'Carver','Garth','augue.ut@aol.org','URQ87VVN4SV','Jun 30, 1965',127,127),
  (128,'Cooper','Hakeem','nulla.donec@outlook.couk','UXP61ORP8WS','Mar 2, 1961',128,128),
  (129,'Martin','Samson','nulla@protonmail.couk','SOK22POF3IN','Apr 30, 1991',129,129),
  (130,'Rios','Kiona','rhoncus.proin@outlook.org','IQD26RTC5TY','Feb 1, 1994',130,130),
  (131,'Mcneil','Neville','libero@google.net','VBL24ALU1HJ','Oct 19, 1998',131,131),
  (132,'Colon','Pascale','suspendisse.dui.fusce@outlook.couk','NOQ64RUC0ID','Jan 17, 1964',132,132),
  (133,'Mullins','Briar','nulla.eu@hotmail.ca','BHD54HFR5UE','Jul 26, 2008',133,133),
  (134,'Marsh','Ann','senectus.et@aol.com','GOO25LBU8RN','Aug 17, 1998',134,134),
  (135,'Hamilton','Hedda','mollis.duis@aol.edu','EVI78CSX8JE','Aug 15, 1978',135,135),
  (136,'Livingston','Aquila','metus.aliquam@aol.edu','MQG24NQY1WS','Feb 16, 1966',136,136),
  (137,'King','Tucker','leo.elementum@outlook.couk','XJT75LXY6WO','Jan 24, 1968',137,137),
  (138,'Woodward','Brooke','congue.in@google.net','CJW15QYD3MY','Sep 20, 2006',138,138),
  (139,'Blackburn','Athena','augue@yahoo.edu','NSV25QLL1CI','Jul 18, 1992',139,139),
  (140,'Davidson','Kerry','eget.tincidunt@aol.com','CSE46QWU7WT','Oct 24, 1961',140,140),
  (141,'Perry','Brady','in.nec@protonmail.org','ZMF42UHE7VW','Jul 24, 1971',141,141),
  (142,'Frost','Thor','elementum.sem@aol.ca','HNP93DYT7UF','Oct 3, 1990',142,142),
  (143,'Shepherd','Maxwell','in.faucibus@outlook.org','ESS42JZW1AC','May 3, 1980',143,143),
  (144,'Wilson','Hillary','et.lacinia.vitae@protonmail.edu','XYW55SIG3WB','Apr 3, 1976',144,144),
  (145,'Patrick','Geoffrey','dis.parturient@yahoo.edu','IHX47ZRJ7MA','Jan 29, 1967',145,145),
  (146,'Lynch','Mark','ac@protonmail.ca','YPO03IHG6FH','Oct 12, 1967',146,146),
  (147,'Day','Ferdinand','senectus.et.netus@icloud.couk','VVK02MRI5DL','Jan 17, 1987',147,147),
  (148,'Fisher','Cassady','torquent.per@yahoo.couk','PEH11OSB6QN','May 13, 1974',148,148),
  (149,'Nixon','Haviva','feugiat.non@outlook.couk','GXP15QCU4MZ','Apr 20, 1998',149,149),
  (150,'Zimmerman','Nevada','ultrices.vivamus@outlook.edu','OPG25BYN3DW','Jul 17, 1998',150,150),
  (151,'Daugherty','Ursula','a.arcu.sed@icloud.ca','KON68RLP4PE','Jan 2, 2006',151,151),
  (152,'Dixon','Quinn','non.leo.vivamus@hotmail.org','TMC67UZL4IX','Feb 7, 1963',152,152),
  (153,'Daniel','Carson','lobortis.tellus.justo@outlook.ca','THZ96CQL3EK','Jan 4, 1997',153,153),
  (154,'Hardy','Octavia','rhoncus@yahoo.org','JWP89PJH6LS','Nov 15, 1968',154,154),
  (155,'Mckee','Colin','vulputate.nisi@outlook.couk','XOO50YHI6LV','Jan 12, 2003',155,155),
  (156,'Robbins','Caryn','aliquet.vel@outlook.couk','LGH67BTV8KP','Sep 25, 1983',156,156),
  (157,'Rogers','Macy','lacinia.sed@outlook.net','PVK52PNU6IE','Nov 20, 1965',157,157),
  (158,'Foreman','Demetrius','morbi@protonmail.net','MIE29PJX3XM','May 4, 1999',158,158),
  (159,'Huber','Calvin','curabitur.ut@yahoo.couk','ESY52MIV5LJ','Aug 10, 1990',159,159),
  (160,'Cooper','Lael','aenean.massa.integer@aol.ca','NZW40SMO1LR','Sep 8, 1970',160,160),
  (161,'Noble','Hollee','ut.molestie@protonmail.org','FWE81CRS4UD','Oct 23, 2005',161,161),
  (162,'Campos','Hilel','lobortis.class@icloud.net','MNU20FNI5XI','Oct 14, 1972',162,162),
  (163,'Knox','Coby','rutrum.magna@outlook.edu','WYF82HWB6OY','Feb 14, 1998',163,163),
  (164,'Hays','Elmo','proin.nisl@outlook.couk','SDW72MWR3QD','Nov 13, 1973',164,164),
  (165,'Mcclain','Vance','eros.nam@icloud.couk','FRI54VPY8CJ','Jul 2, 1960',165,165),
  (166,'Kirk','Mona','magna.et@hotmail.org','FUY12BBE8YO','Feb 3, 2004',166,166),
  (167,'Waller','Lareina','gravida.molestie@protonmail.net','JYH03DIB8YQ','Jul 5, 1999',167,167),
  (168,'Weaver','Ulla','sodales@outlook.edu','MJN63EAT2SE','Oct 24, 1961',168,168),
  (169,'Boyd','Jordan','blandit.nam.nulla@yahoo.com','EIB18PTU6MH','Mar 26, 2002',169,169),
  (170,'Bonner','Brielle','sem.molestie@aol.com','PNE18IKE8MW','May 22, 1991',170,170),
  (171,'Huffman','Josephine','a.purus@aol.net','FPH95FEP2CE','Jun 23, 1997',171,171),
  (172,'Zamora','Cullen','donec.fringilla@google.net','TJC14XKD1OU','May 29, 1989',172,172),
  (173,'Mayo','Tucker','non@icloud.couk','NLQ47MEB0TH','Aug 5, 1983',173,173),
  (174,'Gordon','Melodie','etiam.vestibulum.massa@icloud.couk','DZG74YEI7OW','Jun 22, 1977',174,174),
  (175,'Cruz','Ishmael','sociosqu.ad.litora@google.com','RRT18JPJ5ZK','Mar 30, 1992',175,175),
  (176,'Whitfield','Acton','imperdiet.erat@hotmail.com','KMM21LVB3EL','Mar 12, 1972',176,176),
  (177,'Wallace','Abbot','sollicitudin.commodo@yahoo.net','CMH17BVW6PD','Jan 7, 2000',177,177),
  (178,'Wheeler','Tad','vitae.purus@aol.ca','IYU45IDL2ID','Sep 3, 1970',178,178),
  (179,'Chan','Charissa','donec.at@icloud.com','ELW09RKV7FO','Apr 20, 1976',179,179),
  (180,'Chan','Lane','aliquam.adipiscing@protonmail.edu','FDE51XJS6QH','Feb 12, 1964',180,180),
  (181,'Whitfield','Zenaida','eros.nec.tellus@aol.net','GEZ65EPT2IV','Dec 31, 1985',181,181),
  (182,'Tyler','Burke','ut@google.com','IDY66OVR9LB','May 8, 1975',182,182),
  (183,'Murphy','Tarik','eu.eros.nam@aol.net','PYX61LCE2NQ','Jan 29, 1992',183,183),
  (184,'Mcleod','Gage','sagittis@protonmail.edu','LJM62DOQ6MZ','Jan 17, 1984',184,184),
  (185,'Dawson','Shannon','augue@yahoo.couk','CIG65RMU1ML','Nov 10, 1999',185,185),
  (186,'Melendez','Montana','imperdiet.nec.leo@hotmail.net','WLD15LCF8HP','Jul 8, 2002',186,186),
  (187,'Harrington','Graham','diam@aol.com','VEI45UWL8LI','Jun 1, 1971',187,187),
  (188,'Whitaker','Fritz','habitant.morbi.tristique@google.couk','YDU43LWC4KY','Sep 27, 1963',188,188),
  (189,'Barr','Vaughan','pellentesque@yahoo.couk','VDB28DML5RY','Feb 1, 1997',189,189),
  (190,'Rollins','Driscoll','eu@google.com','PDT58QJW7RF','Mar 17, 1968',190,190),
  (191,'Kent','Elijah','tellus.phasellus@outlook.org','OOC32IHG7RE','Aug 30, 1999',191,191),
  (192,'Joyner','Aimee','proin.nisl@aol.net','SVU73VSW3NS','Jan 19, 1986',192,192),
  (193,'Jensen','Beatrice','aenean.eget@protonmail.org','MTJ31WJF1PJ','Aug 5, 1983',193,193),
  (194,'Alston','Flavia','duis.a@outlook.edu','OWR85CWH4KO','Jan 19, 1995',194,194),
  (195,'Mcdaniel','Phoebe','quam@icloud.net','OGH21VYZ4DV','Nov 30, 1989',195,195),
  (196,'Reid','Chancellor','scelerisque@aol.com','JAG07ACA4OG','Nov 28, 2002',196,196),
  (197,'Waters','Kirk','nunc.nulla.vulputate@hotmail.net','ZFJ35YUR8RR','Sep 30, 1985',197,197),
  (198,'Kim','Iona','risus.in.mi@aol.net','VNE42YXL2PF','Jul 3, 1992',198,198),
  (199,'Parrish','Katelyn','mauris.elit.dictum@google.ca','FSJ15SMV2VK','Jun 22, 1987',199,199),
  (200,'Elliott','Jerome','duis.gravida.praesent@protonmail.edu','PGI97EMJ5LI','Jan 10, 1976',200,200);
GO

INSERT INTO [Moukitube].[dbo].[types] (id,name)
VALUES
  (1,'Non-répertorié'),
  (2,'Non-répertorié'),
  (3,'Non-répertorié'),
  (4,'Privé'),
  (5,'Privé'),
  (6,'Privé'),
  (7,'Non-répertorié'),
  (8,'Non-répertorié'),
  (9,'Privé'),
  (10,'Privé'),
  (11,'Non-répertorié'),
  (12,'Privé'),
  (13,'Non-répertorié'),
  (14,'Privé'),
  (15,'Public'),
  (16,'Privé'),
  (17,'Non-répertorié'),
  (18,'Public'),
  (19,'Privé'),
  (20,'Public'),
  (21,'Privé'),
  (22,'Non-répertorié'),
  (23,'Non-répertorié'),
  (24,'Privé'),
  (25,'Public'),
  (26,'Privé'),
  (27,'Public'),
  (28,'Non-répertorié'),
  (29,'Non-répertorié'),
  (30,'Public'),
  (31,'Public'),
  (32,'Privé'),
  (33,'Privé'),
  (34,'Non-répertorié'),
  (35,'Public'),
  (36,'Non-répertorié'),
  (37,'Public'),
  (38,'Non-répertorié'),
  (39,'Privé'),
  (40,'Privé'),
  (41,'Public'),
  (42,'Privé'),
  (43,'Privé'),
  (44,'Non-répertorié'),
  (45,'Public'),
  (46,'Privé'),
  (47,'Public'),
  (48,'Privé'),
  (49,'Privé'),
  (50,'Non-répertorié'),
  (51,'Public'),
  (52,'Privé'),
  (53,'Privé'),
  (54,'Privé'),
  (55,'Public'),
  (56,'Privé'),
  (57,'Non-répertorié'),
  (58,'Privé'),
  (59,'Privé'),
  (60,'Non-répertorié'),
  (61,'Privé'),
  (62,'Privé'),
  (63,'Non-répertorié'),
  (64,'Non-répertorié'),
  (65,'Privé'),
  (66,'Public'),
  (67,'Public'),
  (68,'Privé'),
  (69,'Privé'),
  (70,'Non-répertorié'),
  (71,'Public'),
  (72,'Privé'),
  (73,'Non-répertorié'),
  (74,'Privé'),
  (75,'Public'),
  (76,'Public'),
  (77,'Public'),
  (78,'Non-répertorié'),
  (79,'Public'),
  (80,'Privé'),
  (81,'Privé'),
  (82,'Privé'),
  (83,'Non-répertorié'),
  (84,'Privé'),
  (85,'Privé'),
  (86,'Public'),
  (87,'Privé'),
  (88,'Non-répertorié'),
  (89,'Privé'),
  (90,'Public'),
  (91,'Privé'),
  (92,'Privé'),
  (93,'Public'),
  (94,'Public'),
  (95,'Non-répertorié'),
  (96,'Privé'),
  (97,'Privé'),
  (98,'Privé'),
  (99,'Privé'),
  (100,'Non-répertorié'),
  (101,'Privé'),
  (102,'Non-répertorié'),
  (103,'Privé'),
  (104,'Privé'),
  (105,'Privé'),
  (106,'Privé'),
  (107,'Non-répertorié'),
  (108,'Privé'),
  (109,'Public'),
  (110,'Privé'),
  (111,'Privé'),
  (112,'Public'),
  (113,'Non-répertorié'),
  (114,'Non-répertorié'),
  (115,'Non-répertorié'),
  (116,'Public'),
  (117,'Privé'),
  (118,'Non-répertorié'),
  (119,'Public'),
  (120,'Privé'),
  (121,'Privé'),
  (122,'Public'),
  (123,'Public'),
  (124,'Non-répertorié'),
  (125,'Public'),
  (126,'Public'),
  (127,'Public'),
  (128,'Privé'),
  (129,'Privé'),
  (130,'Privé'),
  (131,'Privé'),
  (132,'Public'),
  (133,'Non-répertorié'),
  (134,'Privé'),
  (135,'Public'),
  (136,'Privé'),
  (137,'Privé'),
  (138,'Privé'),
  (139,'Privé'),
  (140,'Public'),
  (141,'Privé'),
  (142,'Public'),
  (143,'Privé'),
  (144,'Privé'),
  (145,'Public'),
  (146,'Privé'),
  (147,'Privé'),
  (148,'Non-répertorié'),
  (149,'Privé'),
  (150,'Public'),
  (151,'Non-répertorié'),
  (152,'Privé'),
  (153,'Public'),
  (154,'Non-répertorié'),
  (155,'Public'),
  (156,'Privé'),
  (157,'Non-répertorié'),
  (158,'Non-répertorié'),
  (159,'Privé'),
  (160,'Privé'),
  (161,'Public'),
  (162,'Non-répertorié'),
  (163,'Non-répertorié'),
  (164,'Privé'),
  (165,'Privé'),
  (166,'Non-répertorié'),
  (167,'Public'),
  (168,'Privé'),
  (169,'Privé'),
  (170,'Non-répertorié'),
  (171,'Public'),
  (172,'Privé'),
  (173,'Public'),
  (174,'Public'),
  (175,'Privé'),
  (176,'Privé'),
  (177,'Public'),
  (178,'Privé'),
  (179,'Non-répertorié'),
  (180,'Non-répertorié'),
  (181,'Non-répertorié'),
  (182,'Privé'),
  (183,'Public'),
  (184,'Privé'),
  (185,'Non-répertorié'),
  (186,'Non-répertorié'),
  (187,'Public'),
  (188,'Non-répertorié'),
  (189,'Non-répertorié'),
  (190,'Privé'),
  (191,'Privé'),
  (192,'Public'),
  (193,'Non-répertorié'),
  (194,'Privé'),
  (195,'Privé'),
  (196,'Public'),
  (197,'Privé'),
  (198,'Privé'),
  (199,'Privé'),
  (200,'Public');
GO

INSERT INTO [Moukitube].[dbo].[videos] (id,title,date,types_id,users_id,channel_id)
VALUES
  (1,'consectetuer adipiscing elit. Etiam laoreet, libero et tristique','Mar 21, 2010',1,1,1),
  (2,'dictum sapien. Aenean massa. Integer vitae nibh. Donec est mauris,','Mar 26, 2010',2,2,2),
  (3,'parturient montes, nascetur ridiculus mus. Donec dignissim','Oct 10, 2011',3,3,3),
  (4,'elit. Etiam','Sep 1, 2021',4,4,4),
  (5,'Suspendisse ac metus vitae velit','Nov 19, 2010',5,5,5),
  (6,'massa.','May 31, 2017',6,6,6),
  (7,'neque','Nov 14, 2021',7,7,7),
  (8,'augue id ante','Jan 24, 2018',8,8,8),
  (9,'augue','Jun 24, 2012',9,9,9),
  (10,'facilisis. Suspendisse commodo tincidunt nibh. Phasellus','Jun 27, 2012',10,10,10),
  (11,'non, egestas a, dui. Cras pellentesque. Sed dictum.','Jun 30, 2010',11,11,11),
  (12,'enim non nisi.','Aug 28, 2020',12,12,12),
  (13,'ac turpis egestas. Fusce aliquet magna a neque. Nullam','Sep 3, 2018',13,13,13),
  (14,'euismod','Mar 1, 2010',14,14,14),
  (15,'vehicula aliquet libero. Integer in magna.','May 21, 2012',15,15,15),
  (16,'et libero. Proin mi. Aliquam gravida mauris ut','Aug 13, 2021',16,16,16),
  (17,'posuere, enim nisl elementum purus, accumsan','Jun 12, 2012',17,17,17),
  (18,'amet, dapibus id, blandit at, nisi. Cum sociis natoque penatibus','Aug 25, 2018',18,18,18),
  (19,'rutrum lorem ac risus. Morbi','Jun 22, 2010',19,19,19),
  (20,'turpis non','Oct 4, 2020',20,20,20),
  (21,'metus facilisis lorem tristique aliquet. Phasellus fermentum convallis','May 15, 2013',21,21,21),
  (22,'Aenean eget metus. In nec orci. Donec nibh. Quisque nonummy','Oct 30, 2021',22,22,22),
  (23,'elit. Aliquam auctor, velit eget laoreet posuere,','Dec 11, 2018',23,23,23),
  (24,'eu nulla at sem molestie sodales.','Aug 16, 2014',24,24,24),
  (25,'diam. Sed diam lorem, auctor quis, tristique ac, eleifend vitae,','Aug 20, 2013',25,25,25),
  (26,'diam. Pellentesque habitant morbi tristique senectus et netus','Jun 15, 2018',26,26,26),
  (27,'libero. Morbi accumsan laoreet ipsum. Curabitur consequat, lectus sit','Oct 5, 2011',27,27,27),
  (28,'nec ante blandit viverra. Donec tempus, lorem','Mar 9, 2013',28,28,28),
  (29,'et malesuada fames ac turpis','Jul 29, 2016',29,29,29),
  (30,'In at pede. Cras vulputate velit eu sem. Pellentesque ut','Jan 23, 2012',30,30,30),
  (31,'eu eros. Nam','Mar 1, 2019',31,31,31),
  (32,'magna et ipsum cursus vestibulum. Mauris magna. Duis dignissim','May 4, 2019',32,32,32),
  (33,'per conubia nostra, per inceptos hymenaeos. Mauris','Dec 7, 2012',33,33,33),
  (34,'egestas. Fusce aliquet magna a neque. Nullam ut','Nov 24, 2018',34,34,34),
  (35,'at, velit. Pellentesque ultricies dignissim lacus.','Mar 15, 2017',35,35,35),
  (36,'Nunc commodo auctor velit. Aliquam','Aug 26, 2011',36,36,36),
  (37,'neque sed sem egestas','Oct 4, 2010',37,37,37),
  (38,'eget, venenatis a, magna.','Sep 20, 2016',38,38,38),
  (39,'non, feugiat nec, diam. Duis mi enim, condimentum','Nov 22, 2010',39,39,39),
  (40,'eros nec tellus. Nunc','Apr 5, 2011',40,40,40),
  (41,'vel pede blandit congue.','Mar 14, 2016',41,41,41),
  (42,'sapien. Cras dolor dolor, tempus non, lacinia at,','Dec 29, 2010',42,42,42),
  (43,'scelerisque sed, sapien. Nunc pulvinar','May 25, 2013',43,43,43),
  (44,'a, auctor non, feugiat nec, diam. Duis','Oct 19, 2021',44,44,44),
  (45,'urna. Nunc quis','Aug 11, 2018',45,45,45),
  (46,'Sed et libero. Proin mi. Aliquam','Nov 2, 2019',46,46,46),
  (47,'semper rutrum. Fusce dolor quam, elementum at, egestas a, scelerisque','Aug 4, 2010',47,47,47),
  (48,'Nulla dignissim. Maecenas ornare egestas ligula. Nullam feugiat placerat','Jul 3, 2019',48,48,48),
  (49,'Duis','Apr 1, 2012',49,49,49),
  (50,'facilisis non, bibendum sed, est. Nunc laoreet lectus','Apr 19, 2017',50,50,50),
  (51,'tellus, imperdiet non, vestibulum nec, euismod','Aug 21, 2011',51,51,51),
  (52,'urna.','Apr 2, 2014',52,52,52),
  (53,'faucibus. Morbi vehicula.','Apr 2, 2013',53,53,53),
  (54,'Nam interdum enim non nisi.','Dec 20, 2017',54,54,54),
  (55,'nibh. Aliquam ornare, libero at auctor ullamcorper,','May 16, 2020',55,55,55),
  (56,'et, lacinia vitae, sodales at, velit. Pellentesque ultricies','May 17, 2010',56,56,56),
  (57,'faucibus. Morbi vehicula. Pellentesque tincidunt tempus risus. Donec egestas.','Dec 13, 2016',57,57,57),
  (58,'primis in faucibus orci luctus et ultrices posuere','Feb 22, 2015',58,58,58),
  (59,'aliquet diam. Sed diam lorem, auctor quis, tristique','Oct 14, 2019',59,59,59),
  (60,'Nam nulla magna, malesuada vel, convallis in, cursus et,','Sep 6, 2021',60,60,60),
  (61,'nisl arcu','Jun 10, 2019',61,61,61),
  (62,'molestie tortor nibh sit amet orci. Ut sagittis lobortis mauris.','Jul 1, 2010',62,62,62),
  (63,'natoque penatibus et','May 16, 2017',63,63,63),
  (64,'aliquam arcu. Aliquam ultrices','Nov 27, 2012',64,64,64),
  (65,'pulvinar arcu et pede. Nunc sed orci lobortis augue','Jul 29, 2020',65,65,65),
  (66,'enim non','Apr 6, 2019',66,66,66),
  (67,'rutrum, justo.','Mar 14, 2012',67,67,67),
  (68,'mauris. Suspendisse aliquet molestie tellus. Aenean egestas','Mar 17, 2011',68,68,68),
  (69,'purus mauris a nunc. In at','Jul 12, 2011',69,69,69),
  (70,'magna. Duis dignissim tempor arcu. Vestibulum ut eros','Oct 27, 2020',70,70,70),
  (71,'lobortis augue scelerisque mollis. Phasellus','Jan 28, 2021',71,71,71),
  (72,'justo eu arcu. Morbi sit amet massa. Quisque','Apr 23, 2021',72,72,72),
  (73,'vehicula aliquet','Aug 1, 2011',73,73,73),
  (74,'magna. Duis dignissim','Sep 23, 2018',74,74,74),
  (75,'ipsum','Oct 18, 2010',75,75,75),
  (76,'dolor. Quisque tincidunt pede ac urna. Ut tincidunt','Jan 13, 2021',76,76,76),
  (77,'pharetra sed, hendrerit a, arcu. Sed et','May 30, 2010',77,77,77),
  (78,'erat, in consectetuer ipsum nunc id enim.','Feb 1, 2015',78,78,78),
  (79,'Morbi non sapien molestie orci tincidunt adipiscing. Mauris molestie','Sep 19, 2014',79,79,79),
  (80,'at fringilla purus mauris a','Sep 28, 2010',80,80,80),
  (81,'ullamcorper, nisl arcu','Jun 11, 2018',81,81,81),
  (82,'tellus faucibus leo, in lobortis','May 29, 2016',82,82,82),
  (83,'vitae, aliquet nec, imperdiet nec, leo. Morbi neque tellus,','Aug 8, 2010',83,83,83),
  (84,'eu enim. Etiam','May 22, 2018',84,84,84),
  (85,'urna et arcu','May 18, 2016',85,85,85),
  (86,'semper rutrum. Fusce','Aug 27, 2019',86,86,86),
  (87,'vitae sodales nisi magna sed dui. Fusce aliquam, enim nec','Jul 27, 2011',87,87,87),
  (88,'massa.','Apr 5, 2010',88,88,88),
  (89,'vitae odio sagittis semper. Nam tempor diam','Apr 3, 2020',89,89,89),
  (90,'non leo. Vivamus','Feb 2, 2012',90,90,90),
  (91,'placerat, orci lacus vestibulum lorem,','Feb 10, 2016',91,91,91),
  (92,'et magnis dis parturient montes, nascetur ridiculus mus. Donec','Jun 15, 2017',92,92,92),
  (93,'risus. Duis','Jan 27, 2020',93,93,93),
  (94,'condimentum. Donec at arcu. Vestibulum ante ipsum primis','Jan 19, 2016',94,94,94),
  (95,'risus. Duis a mi fringilla mi lacinia mattis.','Jul 5, 2011',95,95,95),
  (96,'eget','Apr 8, 2014',96,96,96),
  (97,'ultrices. Duis volutpat','Aug 3, 2019',97,97,97),
  (98,'dui. Suspendisse ac metus vitae velit','Oct 1, 2015',98,98,98),
  (99,'velit in aliquet lobortis, nisi nibh lacinia orci, consectetuer euismod','Jun 14, 2016',99,99,99),
  (100,'nibh vulputate mauris sagittis','May 30, 2019',100,100,100),
  (101,'vulputate velit eu sem. Pellentesque ut ipsum ac mi','Sep 15, 2015',101,101,101),
  (102,'magnis dis parturient montes, nascetur ridiculus mus. Aenean eget','Oct 20, 2021',102,102,102),
  (103,'sem','Jun 22, 2011',103,103,103),
  (104,'erat. Sed nunc est,','Mar 19, 2014',104,104,104),
  (105,'mauris. Morbi non sapien molestie orci tincidunt adipiscing.','Sep 16, 2018',105,105,105),
  (106,'arcu ac orci. Ut semper pretium neque. Morbi quis','Oct 4, 2017',106,106,106),
  (107,'eu, odio. Phasellus at augue id','Aug 10, 2014',107,107,107),
  (108,'sagittis. Nullam vitae diam. Proin dolor. Nulla semper','Aug 29, 2018',108,108,108),
  (109,'molestie.','Aug 28, 2015',109,109,109),
  (110,'cursus a, enim. Suspendisse aliquet,','Oct 15, 2016',110,110,110),
  (111,'Integer sem','Mar 7, 2015',111,111,111),
  (112,'non, dapibus rutrum, justo. Praesent luctus. Curabitur','Feb 18, 2010',112,112,112),
  (113,'Fusce aliquam, enim nec','Jan 16, 2021',113,113,113),
  (114,'Morbi neque tellus,','Apr 20, 2020',114,114,114),
  (115,'mauris blandit mattis. Cras eget nisi dictum','Sep 5, 2020',115,115,115),
  (116,'mauris blandit mattis. Cras eget','Mar 12, 2010',116,116,116),
  (117,'venenatis lacus. Etiam bibendum fermentum metus. Aenean sed pede nec','Jan 6, 2014',117,117,117),
  (118,'tellus justo sit amet nulla.','Jul 22, 2016',118,118,118),
  (119,'Morbi metus. Vivamus euismod','Aug 10, 2021',119,119,119),
  (120,'tempor bibendum. Donec felis orci,','Dec 2, 2012',120,120,120),
  (121,'lacus pede sagittis augue, eu tempor erat neque','May 24, 2019',121,121,121),
  (122,'in molestie tortor nibh sit amet orci. Ut sagittis lobortis','Feb 11, 2021',122,122,122),
  (123,'Cras vulputate velit eu sem. Pellentesque ut ipsum ac','Oct 4, 2014',123,123,123),
  (124,'orci. Phasellus dapibus quam quis diam. Pellentesque habitant','Apr 2, 2019',124,124,124),
  (125,'tellus. Phasellus elit pede, malesuada','Nov 27, 2017',125,125,125),
  (126,'malesuada id, erat. Etiam vestibulum massa','Jan 13, 2013',126,126,126),
  (127,'Quisque nonummy ipsum non arcu. Vivamus sit amet risus. Donec','Nov 22, 2021',127,127,127),
  (128,'urna. Nunc quis arcu vel','Apr 21, 2017',128,128,128),
  (129,'sodales at, velit. Pellentesque ultricies','Nov 24, 2016',129,129,129),
  (130,'elit fermentum risus,','Dec 2, 2014',130,130,130),
  (131,'nisi sem semper erat, in consectetuer','Nov 22, 2012',131,131,131),
  (132,'ornare, lectus ante dictum','Jun 12, 2018',132,132,132),
  (133,'arcu. Curabitur ut odio','Jan 2, 2017',133,133,133),
  (134,'vehicula aliquet libero. Integer','Apr 9, 2013',134,134,134),
  (135,'Aliquam adipiscing lobortis risus. In mi pede, nonummy ut,','Jan 6, 2017',135,135,135),
  (136,'Maecenas','Apr 22, 2016',136,136,136),
  (137,'Aenean massa. Integer vitae nibh. Donec est mauris,','Feb 2, 2011',137,137,137),
  (138,'magna tellus','Feb 9, 2020',138,138,138),
  (139,'egestas. Sed pharetra, felis eget varius ultrices, mauris ipsum','Jan 9, 2017',139,139,139),
  (140,'Nulla tincidunt,','Oct 19, 2016',140,140,140),
  (141,'Aliquam tincidunt, nunc','Feb 28, 2018',141,141,141),
  (142,'venenatis vel, faucibus id, libero.','May 1, 2019',142,142,142),
  (143,'dignissim. Maecenas ornare','Dec 15, 2015',143,143,143),
  (144,'ipsum. Suspendisse sagittis. Nullam vitae diam.','Nov 28, 2018',144,144,144),
  (145,'Maecenas mi felis, adipiscing fringilla, porttitor vulputate,','Jul 15, 2018',145,145,145),
  (146,'aliquam, enim nec tempus','Mar 29, 2014',146,146,146),
  (147,'eu augue porttitor interdum. Sed auctor','Dec 19, 2012',147,147,147),
  (148,'orci quis','Feb 3, 2012',148,148,148),
  (149,'nec, euismod in, dolor. Fusce feugiat. Lorem ipsum dolor sit','Sep 2, 2017',149,149,149),
  (150,'fringilla. Donec','Oct 28, 2021',150,150,150),
  (151,'cursus,','May 16, 2015',151,151,151),
  (152,'Integer vitae','Nov 30, 2018',152,152,152),
  (153,'at,','Nov 11, 2013',153,153,153),
  (154,'dignissim. Maecenas ornare egestas ligula. Nullam feugiat placerat','Mar 28, 2011',154,154,154),
  (155,'egestas nunc sed libero. Proin sed turpis nec mauris','May 13, 2012',155,155,155),
  (156,'elit pede, malesuada vel, venenatis vel, faucibus id,','Apr 18, 2015',156,156,156),
  (157,'sit amet, dapibus','Jun 13, 2011',157,157,157),
  (158,'ut ipsum ac mi','Nov 6, 2019',158,158,158),
  (159,'natoque penatibus et magnis dis parturient montes, nascetur ridiculus','Dec 19, 2014',159,159,159),
  (160,'tortor at','Sep 30, 2020',160,160,160),
  (161,'Maecenas ornare','Aug 10, 2015',161,161,161),
  (162,'Fusce dolor quam,','Nov 23, 2014',162,162,162),
  (163,'nunc id enim. Curabitur massa. Vestibulum accumsan neque et nunc.','Nov 28, 2019',163,163,163),
  (164,'ipsum porta elit,','Jan 16, 2016',164,164,164),
  (165,'dolor. Donec fringilla.','Jan 31, 2012',165,165,165),
  (166,'nec ante. Maecenas mi felis, adipiscing fringilla, porttitor vulputate,','Aug 14, 2018',166,166,166),
  (167,'arcu. Aliquam ultrices','Mar 13, 2012',167,167,167),
  (168,'ultricies ornare, elit elit fermentum risus, at fringilla','Feb 8, 2016',168,168,168),
  (169,'sociis natoque penatibus et magnis dis parturient','Jan 20, 2020',169,169,169),
  (170,'amet, dapibus id, blandit at, nisi.','Sep 4, 2011',170,170,170),
  (171,'risus. Donec','Aug 18, 2016',171,171,171),
  (172,'mi felis, adipiscing fringilla, porttitor','Feb 27, 2012',172,172,172),
  (173,'purus, in molestie','Sep 22, 2019',173,173,173),
  (174,'Duis','Jun 11, 2013',174,174,174),
  (175,'auctor ullamcorper, nisl arcu iaculis enim, sit amet ornare','Apr 13, 2021',175,175,175),
  (176,'nec metus','Jan 30, 2017',176,176,176),
  (177,'dolor, nonummy ac, feugiat non, lobortis quis, pede. Suspendisse','Oct 17, 2018',177,177,177),
  (178,'magna. Ut','Mar 1, 2015',178,178,178),
  (179,'ante dictum cursus. Nunc mauris','Aug 30, 2012',179,179,179),
  (180,'orci lobortis augue scelerisque mollis. Phasellus libero mauris,','Aug 20, 2011',180,180,180),
  (181,'Nulla aliquet. Proin','Mar 2, 2013',181,181,181),
  (182,'pede ac urna. Ut tincidunt vehicula','Sep 2, 2015',182,182,182),
  (183,'id','Aug 25, 2014',183,183,183),
  (184,'Vivamus sit amet risus. Donec egestas. Aliquam nec enim.','Oct 1, 2019',184,184,184),
  (185,'commodo auctor velit.','Mar 30, 2021',185,185,185),
  (186,'tellus','Sep 1, 2013',186,186,186),
  (187,'vitae semper egestas, urna justo faucibus lectus,','Oct 23, 2015',187,187,187),
  (188,'cursus purus. Nullam scelerisque neque','Apr 27, 2018',188,188,188),
  (189,'Morbi sit amet massa. Quisque porttitor eros nec','Nov 7, 2020',189,189,189),
  (190,'Aliquam','Dec 1, 2020',190,190,190),
  (191,'elit. Nulla facilisi. Sed neque. Sed eget lacus. Mauris non','Jun 3, 2021',191,191,191),
  (192,'magna tellus faucibus leo, in lobortis','May 3, 2010',192,192,192),
  (193,'tempus risus. Donec egestas.','Jun 26, 2019',193,193,193),
  (194,'Integer sem elit,','Mar 14, 2020',194,194,194),
  (195,'nulla magna, malesuada','Jan 5, 2016',195,195,195),
  (196,'erat vel pede blandit','Apr 26, 2010',196,196,196),
  (197,'ut, molestie in, tempus eu, ligula. Aenean euismod','Aug 22, 2018',197,197,197),
  (198,'id enim. Curabitur massa. Vestibulum accumsan','Sep 4, 2020',198,198,198),
  (199,'eget mollis lectus','Feb 6, 2020',199,199,199),
  (200,'Pellentesque habitant morbi tristique senectus et netus et malesuada','Dec 4, 2013',200,200,200);
GO

INSERT INTO [Moukitube].[dbo].[comments] (id,channelname,description,videos_id,users_id)
VALUES
  (1,'Cras vehicula aliquet','ipsum cursus vestibulum. Mauris',1,1),
  (2,'mauris sagittis placerat.','Cras lorem lorem, luctus ut, pellentesque eget, dictum placerat, augue. Sed molestie. Sed id risus',2,2),
  (3,'nunc ac mattis','Mauris blandit enim consequat purus. Maecenas libero est, congue a, aliquet vel, vulputate eu, odio. Phasellus at augue',3,3),
  (4,'dui','urna suscipit nonummy. Fusce fermentum fermentum arcu. Vestibulum ante ipsum primis in faucibus orci',4,4),
  (5,'risus odio,','eget metus. In nec orci. Donec nibh. Quisque nonummy ipsum non arcu. Vivamus sit amet risus. Donec',5,5),
  (6,'sed','elit erat vitae',6,6),
  (7,'faucibus. Morbi','placerat, augue. Sed molestie. Sed id risus',7,7),
  (8,'tincidunt pede','ultrices. Vivamus rhoncus. Donec est. Nunc ullamcorper, velit in aliquet lobortis, nisi nibh lacinia orci, consectetuer euismod est arcu ac',8,8),
  (9,'Curabitur','Proin velit. Sed malesuada augue ut lacus. Nulla tincidunt, neque vitae semper egestas, urna justo faucibus lectus, a sollicitudin orci sem eget massa.',9,9),
  (10,'Aenean egestas hendrerit','Nunc mauris. Morbi non sapien molestie orci tincidunt adipiscing. Mauris molestie pharetra nibh. Aliquam ornare, libero at auctor ullamcorper, nisl arcu iaculis',10,10),
  (11,'sed leo.','faucibus id, libero. Donec consectetuer mauris id sapien.',11,11),
  (12,'vel arcu.','nonummy. Fusce fermentum fermentum arcu. Vestibulum ante ipsum primis in faucibus orci luctus',12,12),
  (13,'dolor quam,','eget ipsum. Suspendisse sagittis. Nullam vitae diam. Proin dolor. Nulla semper tellus id nunc interdum feugiat. Sed nec metus facilisis',13,13),
  (14,'dui, nec','et, lacinia vitae, sodales at, velit.',14,14),
  (15,'aliquet, metus urna','faucibus leo, in lobortis tellus justo sit amet nulla. Donec non justo. Proin',15,15),
  (16,'placerat eget,','mi. Aliquam gravida mauris ut mi. Duis risus odio, auctor vitae, aliquet nec, imperdiet nec, leo. Morbi neque tellus, imperdiet non,',16,16),
  (17,'Mauris vestibulum,','nec enim. Nunc',17,17),
  (18,'per','elit fermentum risus, at fringilla purus mauris a nunc. In at pede. Cras vulputate velit eu',18,18),
  (19,'congue.','ultrices posuere cubilia Curae Phasellus',19,19),
  (20,'risus.','aptent taciti sociosqu ad litora torquent per conubia nostra, per inceptos hymenaeos. Mauris ut quam vel sapien imperdiet ornare. In faucibus.',20,20),
  (21,'in consequat','et magnis',21,21),
  (22,'a,','auctor quis, tristique ac, eleifend vitae, erat. Vivamus',22,22),
  (23,'nunc interdum','aliquam eu,',23,23),
  (24,'amet, faucibus ut,','nisi. Mauris nulla. Integer',24,24),
  (25,'mi felis, adipiscing','eget, dictum placerat, augue. Sed molestie. Sed id risus quis',25,25),
  (26,'pharetra. Quisque','et nunc. Quisque ornare tortor at risus. Nunc ac',26,26),
  (27,'convallis, ante','mauris sagittis placerat. Cras dictum ultricies ligula. Nullam enim. Sed nulla',27,27),
  (28,'tortor.','erat. Sed',28,28),
  (29,'dis parturient','diam lorem, auctor quis,',29,29),
  (30,'velit in aliquet','magna sed dui. Fusce aliquam, enim nec tempus scelerisque, lorem',30,30),
  (31,'mus. Donec','non sapien molestie orci tincidunt adipiscing. Mauris molestie pharetra nibh. Aliquam ornare, libero at auctor ullamcorper, nisl arcu iaculis enim, sit amet',31,31),
  (32,'ac tellus.','euismod in, dolor. Fusce feugiat. Lorem ipsum dolor sit amet, consectetuer adipiscing elit. Aliquam',32,32),
  (33,'sem semper','Mauris non dui nec urna suscipit nonummy. Fusce fermentum fermentum arcu. Vestibulum ante ipsum primis in faucibus orci luctus',33,33),
  (34,'enim','lorem lorem, luctus ut, pellentesque eget, dictum placerat, augue. Sed molestie. Sed id risus quis',34,34),
  (35,'tincidunt. Donec','In scelerisque scelerisque',35,35),
  (36,'tempus','scelerisque neque sed',36,36),
  (37,'elementum sem, vitae','sem ut cursus luctus, ipsum leo elementum sem, vitae aliquam eros turpis non enim.',37,37),
  (38,'cursus non,','porttitor tellus non magna. Nam ligula elit, pretium et, rutrum',38,38),
  (39,'elit erat','ante. Maecenas mi felis, adipiscing fringilla, porttitor vulputate,',39,39),
  (40,'urna, nec','ipsum. Donec sollicitudin adipiscing ligula. Aenean gravida nunc sed pede. Cum sociis natoque',40,40),
  (41,'accumsan neque','aptent taciti sociosqu ad litora torquent',41,41),
  (42,'nibh.','Nam nulla magna, malesuada vel, convallis in, cursus et, eros. Proin',42,42),
  (43,'Integer id','Cras sed leo. Cras vehicula aliquet libero. Integer in magna. Phasellus dolor elit, pellentesque a, facilisis non, bibendum sed, est.',43,43),
  (44,'enim,','consectetuer ipsum nunc id enim. Curabitur massa. Vestibulum accumsan neque et nunc. Quisque',44,44),
  (45,'Donec est.','lacinia orci,',45,45),
  (46,'tempor','nonummy ut, molestie in, tempus eu, ligula. Aenean euismod mauris eu elit.',46,46),
  (47,'volutpat nunc sit','orci. Ut sagittis lobortis mauris. Suspendisse aliquet molestie',47,47),
  (48,'urna. Nunc quis','Pellentesque tincidunt tempus risus. Donec egestas. Duis ac arcu. Nunc mauris. Morbi non sapien molestie orci tincidunt adipiscing. Mauris molestie pharetra nibh. Aliquam',48,48),
  (49,'quis massa.','tortor, dictum eu, placerat eget, venenatis a, magna. Lorem ipsum dolor sit amet, consectetuer adipiscing elit. Etiam laoreet, libero et tristique pellentesque,',49,49),
  (50,'Maecenas mi','a tortor. Nunc commodo auctor velit. Aliquam nisl. Nulla eu neque pellentesque',50,50),
  (51,'mi','sociis natoque penatibus et',51,51),
  (52,'enim mi','dis parturient montes, nascetur ridiculus mus. Donec dignissim magna a tortor. Nunc commodo auctor velit. Aliquam nisl. Nulla eu neque pellentesque massa lobortis ultrices. Vivamus',52,52),
  (53,'lacus pede sagittis','dolor sit amet, consectetuer adipiscing elit. Curabitur sed tortor. Integer',53,53),
  (54,'felis','luctus felis purus ac tellus. Suspendisse sed dolor. Fusce mi lorem, vehicula et, rutrum',54,54),
  (55,'et ultrices','ante ipsum primis in faucibus orci luctus et ultrices posuere cubilia Curae',55,55),
  (56,'fringilla euismod enim.','metus. Vivamus euismod',56,56),
  (57,'Nunc mauris','erat neque non quam. Pellentesque habitant morbi tristique senectus et netus et',57,57),
  (58,'Suspendisse','mauris ut mi. Duis risus',58,58),
  (59,'Etiam gravida molestie','pulvinar arcu et pede. Nunc sed orci lobortis augue scelerisque mollis. Phasellus libero mauris,',59,59),
  (60,'eu enim.','aliquet diam. Sed diam lorem,',60,60),
  (61,'laoreet','Mauris vel turpis. Aliquam adipiscing lobortis risus. In mi pede, nonummy ut, molestie in, tempus eu, ligula. Aenean euismod mauris eu elit.',61,61),
  (62,'risus.','dis parturient montes, nascetur ridiculus mus. Aenean eget magna. Suspendisse tristique neque venenatis lacus. Etiam bibendum fermentum metus. Aenean sed pede nec',62,62),
  (63,'tincidunt adipiscing.','vel, vulputate eu, odio. Phasellus',63,63),
  (64,'sodales elit','eget ipsum. Suspendisse sagittis. Nullam vitae diam. Proin dolor. Nulla semper tellus id nunc interdum feugiat. Sed nec metus facilisis lorem tristique aliquet. Phasellus',64,64),
  (65,'ullamcorper. Duis','inceptos hymenaeos. Mauris ut quam vel sapien imperdiet ornare. In faucibus.',65,65),
  (66,'arcu ac orci.','Mauris ut quam vel sapien imperdiet ornare. In faucibus. Morbi vehicula. Pellentesque tincidunt tempus',66,66),
  (67,'Nam porttitor','eu turpis. Nulla aliquet. Proin velit. Sed malesuada augue ut',67,67),
  (68,'Maecenas libero','ullamcorper magna. Sed eu eros. Nam consequat dolor vitae dolor.',68,68),
  (69,'ullamcorper, velit','urna convallis',69,69),
  (70,'egestas a, dui.','neque sed sem egestas blandit. Nam nulla',70,70),
  (71,'enim. Etiam','tristique pharetra. Quisque ac libero nec ligula consectetuer rhoncus.',71,71),
  (72,'et','consectetuer mauris id sapien. Cras dolor dolor,',72,72),
  (73,'vel','nibh. Phasellus nulla. Integer vulputate, risus a ultricies adipiscing,',73,73),
  (74,'magnis dis parturient','vulputate, risus a ultricies adipiscing, enim mi tempor lorem, eget mollis lectus pede et',74,74),
  (75,'Nullam enim.','Nunc mauris sapien, cursus in, hendrerit consectetuer, cursus et,',75,75),
  (76,'aliquam eu,','in consectetuer ipsum nunc id enim. Curabitur massa. Vestibulum accumsan neque et nunc. Quisque ornare tortor at risus. Nunc ac sem ut dolor dapibus',76,76),
  (77,'eget','torquent per conubia nostra, per inceptos hymenaeos. Mauris ut quam vel sapien imperdiet ornare.',77,77),
  (78,'Donec sollicitudin adipiscing','vitae nibh. Donec est mauris, rhoncus id, mollis',78,78),
  (79,'convallis, ante lectus','ultrices. Duis volutpat nunc sit amet metus. Aliquam erat volutpat. Nulla facilisis. Suspendisse commodo tincidunt nibh. Phasellus nulla.',79,79),
  (80,'gravida','Aliquam fringilla',80,80),
  (81,'non','erat, in consectetuer ipsum nunc id enim. Curabitur massa. Vestibulum accumsan neque et nunc. Quisque ornare tortor at risus. Nunc ac sem',81,81),
  (82,'lobortis quam','dignissim magna a tortor. Nunc',82,82),
  (83,'eget mollis lectus','nunc est, mollis non,',83,83),
  (84,'risus. Nunc ac','laoreet lectus quis massa. Mauris vestibulum, neque sed dictum eleifend, nunc risus',84,84),
  (85,'est mauris,','vestibulum. Mauris magna. Duis dignissim tempor',85,85),
  (86,'faucibus','metus vitae velit egestas lacinia. Sed congue, elit sed consequat auctor, nunc nulla vulputate',86,86),
  (87,'sollicitudin commodo','dictum eleifend, nunc risus varius orci, in consequat enim diam vel arcu. Curabitur ut odio vel est tempor bibendum. Donec felis',87,87),
  (88,'nulla. Integer','eget magna. Suspendisse',88,88),
  (89,'pede. Cras vulputate','Nulla eu neque pellentesque massa lobortis ultrices.',89,89),
  (90,'eleifend nec,','augue scelerisque',90,90),
  (91,'elit fermentum risus,','convallis, ante lectus convallis est, vitae sodales nisi magna sed dui. Fusce aliquam, enim nec tempus scelerisque,',91,91),
  (92,'neque. In','tellus justo',92,92),
  (93,'non nisi. Aenean','lorem. Donec elementum, lorem ut aliquam',93,93),
  (94,'Nulla tempor augue','et netus et malesuada fames ac turpis egestas. Fusce aliquet magna',94,94),
  (95,'nec,','tempor arcu. Vestibulum ut eros non enim commodo hendrerit. Donec porttitor tellus non',95,95),
  (96,'est,','Vivamus euismod urna. Nullam lobortis quam a felis ullamcorper viverra. Maecenas iaculis aliquet diam. Sed diam lorem, auctor',96,96),
  (97,'molestie. Sed','orci, in consequat enim diam vel arcu. Curabitur ut odio vel est tempor bibendum. Donec felis orci, adipiscing non, luctus sit amet, faucibus ut,',97,97),
  (98,'egestas','nisl. Quisque fringilla',98,98),
  (99,'Cum sociis','sit amet ornare lectus justo eu arcu. Morbi sit amet massa. Quisque porttitor eros nec tellus. Nunc lectus pede, ultrices',99,99),
  (100,'convallis convallis','lorem. Donec',100,100),
  (101,'Vestibulum accumsan','nec, leo. Morbi neque tellus, imperdiet non, vestibulum nec, euismod in, dolor. Fusce feugiat. Lorem ipsum dolor sit amet, consectetuer adipiscing',101,101),
  (102,'Phasellus nulla.','magna. Phasellus dolor elit, pellentesque a, facilisis non, bibendum sed,',102,102),
  (103,'Integer in','at pretium aliquet, metus urna convallis erat, eget tincidunt dui augue eu tellus. Phasellus elit pede, malesuada vel, venenatis vel, faucibus id, libero.',103,103),
  (104,'neque. Sed','sit amet massa. Quisque porttitor',104,104),
  (105,'eget metus','eu sem.',105,105),
  (106,'quis','vitae mauris sit amet lorem semper auctor. Mauris vel turpis.',106,106),
  (107,'lacinia','eget magna. Suspendisse tristique neque venenatis lacus.',107,107),
  (108,'eu, euismod','malesuada fames ac turpis egestas. Aliquam fringilla cursus purus. Nullam scelerisque neque sed',108,108),
  (109,'Suspendisse ac metus','Aenean eget metus. In nec orci. Donec nibh.',109,109),
  (110,'Suspendisse sagittis.','Cum sociis natoque penatibus et magnis dis parturient montes, nascetur',110,110),
  (111,'magnis dis','rhoncus. Proin nisl sem, consequat nec, mollis vitae, posuere at, velit. Cras lorem lorem, luctus ut, pellentesque eget, dictum placerat, augue. Sed molestie.',111,111),
  (112,'elementum,','Phasellus vitae mauris sit amet lorem semper auctor. Mauris vel turpis. Aliquam adipiscing lobortis risus. In mi pede, nonummy ut, molestie in, tempus eu,',112,112),
  (113,'torquent per','sodales nisi magna sed dui. Fusce aliquam, enim nec tempus scelerisque, lorem ipsum sodales',113,113),
  (114,'nec','Duis gravida. Praesent eu nulla at sem molestie sodales. Mauris blandit enim consequat purus. Maecenas libero est, congue a, aliquet vel, vulputate eu, odio.',114,114),
  (115,'semper pretium','ornare, libero at auctor ullamcorper, nisl',115,115),
  (116,'eleifend non, dapibus','eget, venenatis a, magna. Lorem ipsum dolor',116,116),
  (117,'ipsum','tincidunt, nunc ac mattis ornare, lectus ante dictum mi, ac mattis velit justo nec',117,117),
  (118,'commodo tincidunt','Nullam velit dui, semper et, lacinia vitae, sodales at, velit. Pellentesque ultricies dignissim',118,118),
  (119,'ipsum cursus vestibulum.','amet, consectetuer adipiscing elit. Curabitur sed tortor. Integer aliquam adipiscing lacus. Ut nec urna et arcu imperdiet ullamcorper.',119,119),
  (120,'venenatis lacus.','eleifend egestas. Sed pharetra, felis eget varius ultrices, mauris ipsum porta elit, a feugiat',120,120),
  (121,'ac turpis','augue, eu tempor erat neque non quam. Pellentesque habitant morbi tristique senectus et netus et malesuada fames ac turpis egestas.',121,121),
  (122,'placerat, augue.','ornare lectus justo eu arcu. Morbi',122,122),
  (123,'ut ipsum','et tristique pellentesque, tellus sem mollis dui,',123,123),
  (124,'lorem','ornare, lectus ante dictum mi, ac mattis velit justo nec ante. Maecenas mi felis, adipiscing fringilla, porttitor vulputate, posuere vulputate,',124,124),
  (125,'amet, risus.','lectus pede et risus. Quisque libero lacus, varius et, euismod',125,125),
  (126,'vitae aliquam','sodales. Mauris blandit enim consequat purus. Maecenas libero est, congue a, aliquet vel, vulputate eu, odio. Phasellus at augue',126,126),
  (127,'sollicitudin a,','diam eu',127,127),
  (128,'ut','blandit viverra. Donec tempus, lorem fringilla ornare placerat, orci lacus vestibulum lorem, sit',128,128),
  (129,'Fusce','sed dolor. Fusce mi lorem, vehicula et, rutrum eu, ultrices sit amet, risus. Donec',129,129),
  (130,'semper, dui','augue ut',130,130),
  (131,'eros.','molestie in, tempus eu, ligula. Aenean euismod mauris eu elit. Nulla facilisi. Sed neque. Sed eget lacus. Mauris non',131,131),
  (132,'taciti sociosqu','Suspendisse commodo tincidunt nibh. Phasellus nulla. Integer vulputate,',132,132),
  (133,'velit. Cras lorem','enim, gravida sit amet, dapibus id, blandit at, nisi. Cum sociis',133,133),
  (134,'sed dolor.','vitae, erat. Vivamus nisi. Mauris nulla. Integer urna. Vivamus molestie dapibus ligula. Aliquam erat volutpat. Nulla dignissim. Maecenas',134,134),
  (135,'sem mollis','dictum sapien. Aenean massa. Integer vitae nibh. Donec est mauris, rhoncus id, mollis nec, cursus a, enim. Suspendisse aliquet, sem ut cursus',135,135),
  (136,'tempus, lorem fringilla','ac, fermentum vel, mauris. Integer sem elit, pharetra ut, pharetra sed, hendrerit a, arcu. Sed et libero. Proin mi.',136,136),
  (137,'augue ut','Nulla semper tellus id nunc interdum feugiat.',137,137),
  (138,'eget nisi','cursus non, egestas a, dui. Cras pellentesque. Sed dictum. Proin eget odio. Aliquam vulputate ullamcorper magna.',138,138),
  (139,'tristique senectus','Sed dictum. Proin eget',139,139),
  (140,'facilisis, magna','ornare egestas ligula.',140,140),
  (141,'Quisque ornare','eros nec tellus. Nunc lectus pede, ultrices a, auctor non, feugiat nec, diam. Duis mi enim, condimentum eget, volutpat',141,141),
  (142,'mollis.','ullamcorper viverra. Maecenas iaculis aliquet diam. Sed',142,142),
  (143,'mauris, aliquam','sed, sapien. Nunc pulvinar arcu et pede. Nunc sed orci lobortis augue scelerisque mollis. Phasellus',143,143),
  (144,'Donec dignissim','dui quis accumsan convallis, ante lectus convallis est, vitae sodales nisi magna sed dui.',144,144),
  (145,'Donec elementum,','amet risus. Donec egestas. Aliquam nec enim. Nunc ut erat. Sed nunc est, mollis non, cursus non, egestas a, dui. Cras',145,145),
  (146,'sit amet, consectetuer','nisl sem, consequat nec, mollis vitae, posuere at, velit. Cras lorem lorem, luctus ut,',146,146),
  (147,'pede nec ante','ac ipsum. Phasellus vitae mauris sit amet lorem semper auctor. Mauris vel turpis. Aliquam',147,147),
  (148,'mauris sapien,','odio semper cursus. Integer mollis. Integer tincidunt aliquam arcu. Aliquam ultrices iaculis odio.',148,148),
  (149,'a, arcu.','Curabitur vel lectus. Cum',149,149),
  (150,'nibh','magna, malesuada vel,',150,150),
  (151,'viverra. Donec','Integer urna. Vivamus molestie dapibus ligula. Aliquam erat volutpat. Nulla dignissim. Maecenas ornare egestas ligula.',151,151),
  (152,'Aliquam vulputate','sagittis. Duis gravida. Praesent eu nulla at sem molestie sodales. Mauris blandit enim consequat purus. Maecenas',152,152),
  (153,'Nunc mauris.','Phasellus in felis. Nulla tempor augue ac ipsum. Phasellus vitae',153,153),
  (154,'ligula elit, pretium','Aliquam vulputate ullamcorper magna. Sed eu eros. Nam consequat dolor vitae dolor. Donec fringilla. Donec feugiat metus sit amet',154,154),
  (155,'libero','nunc. In at pede. Cras vulputate velit eu sem. Pellentesque ut ipsum ac mi eleifend egestas. Sed',155,155),
  (156,'faucibus lectus,','blandit mattis. Cras eget',156,156),
  (157,'nec, diam.','nulla. Donec non justo. Proin',157,157),
  (158,'Donec','malesuada fames',158,158),
  (159,'sem magna nec','est. Nunc ullamcorper, velit in aliquet lobortis, nisi nibh lacinia orci, consectetuer euismod est arcu ac orci. Ut semper pretium neque.',159,159),
  (160,'ultrices a, auctor','ac mattis ornare, lectus ante dictum mi, ac mattis velit justo nec ante. Maecenas mi felis, adipiscing fringilla, porttitor vulputate,',160,160),
  (161,'in felis. Nulla','a, malesuada id, erat. Etiam vestibulum massa rutrum magna. Cras convallis convallis dolor. Quisque tincidunt pede ac urna.',161,161),
  (162,'et magnis','sollicitudin commodo ipsum. Suspendisse non leo. Vivamus nibh dolor, nonummy ac, feugiat non, lobortis quis, pede. Suspendisse',162,162),
  (163,'felis purus','Integer eu lacus. Quisque imperdiet, erat nonummy',163,163),
  (164,'tempor arcu.','elit elit fermentum risus, at fringilla purus mauris a nunc. In at pede. Cras vulputate velit eu sem. Pellentesque',164,164),
  (165,'tincidunt nibh.','mauris. Integer sem elit, pharetra ut, pharetra sed, hendrerit a, arcu. Sed et libero.',165,165),
  (166,'non massa','sem ut cursus',166,166),
  (167,'erat nonummy','massa lobortis ultrices. Vivamus rhoncus. Donec est. Nunc ullamcorper, velit in aliquet lobortis, nisi nibh lacinia orci, consectetuer euismod est',167,167),
  (168,'enim. Curabitur massa.','pharetra ut, pharetra sed, hendrerit a, arcu. Sed et libero. Proin mi. Aliquam gravida mauris ut mi. Duis',168,168),
  (169,'lacinia vitae,','tellus. Aenean egestas hendrerit neque. In ornare sagittis felis. Donec',169,169),
  (170,'tortor at','libero mauris, aliquam eu, accumsan sed, facilisis vitae, orci. Phasellus dapibus quam quis',170,170),
  (171,'sociis','purus, in molestie tortor nibh sit amet orci. Ut sagittis lobortis mauris. Suspendisse aliquet molestie',171,171),
  (172,'nisi magna','urna suscipit nonummy. Fusce fermentum fermentum',172,172),
  (173,'lorem','ligula. Nullam feugiat placerat velit. Quisque varius. Nam porttitor scelerisque neque. Nullam nisl. Maecenas malesuada fringilla est. Mauris eu turpis. Nulla',173,173),
  (174,'id','netus et malesuada fames ac turpis egestas.',174,174),
  (175,'interdum enim','Ut sagittis lobortis mauris. Suspendisse aliquet',175,175),
  (176,'molestie tellus. Aenean','sollicitudin adipiscing ligula. Aenean gravida nunc sed pede. Cum sociis natoque penatibus et magnis dis parturient montes, nascetur ridiculus mus. Proin vel arcu eu odio',176,176),
  (177,'Phasellus at','tristique neque venenatis lacus. Etiam bibendum fermentum metus. Aenean sed pede nec ante blandit viverra. Donec tempus, lorem fringilla ornare placerat, orci lacus vestibulum',177,177),
  (178,'Ut semper','fringilla est. Mauris eu turpis. Nulla aliquet. Proin velit. Sed malesuada augue ut lacus. Nulla tincidunt, neque vitae',178,178),
  (179,'vitae diam.','auctor vitae, aliquet nec, imperdiet nec, leo.',179,179),
  (180,'eu','quis accumsan convallis, ante lectus convallis est, vitae sodales nisi magna sed dui. Fusce aliquam, enim nec',180,180),
  (181,'In tincidunt','nec, eleifend non, dapibus rutrum, justo. Praesent luctus. Curabitur egestas nunc sed libero. Proin sed turpis nec mauris blandit mattis. Cras eget nisi',181,181),
  (182,'in,','dolor dolor, tempus non, lacinia at, iaculis quis, pede.',182,182),
  (183,'mus. Proin','nisi nibh lacinia orci, consectetuer euismod est arcu ac orci. Ut semper pretium neque. Morbi',183,183),
  (184,'ornare tortor','eu, euismod ac, fermentum vel, mauris. Integer sem elit, pharetra',184,184),
  (185,'Phasellus','nisl sem, consequat nec, mollis vitae, posuere at, velit. Cras lorem lorem, luctus ut, pellentesque',185,185),
  (186,'dignissim','Etiam gravida molestie arcu. Sed eu nibh vulputate mauris sagittis placerat. Cras',186,186),
  (187,'congue','nibh enim, gravida sit',187,187),
  (188,'in molestie','sit amet diam',188,188),
  (189,'Phasellus','mattis semper, dui lectus',189,189),
  (190,'ullamcorper','posuere at, velit. Cras lorem lorem, luctus ut, pellentesque eget, dictum',190,190),
  (191,'tortor','Vivamus nibh dolor, nonummy',191,191),
  (192,'aliquam arcu.','luctus felis purus ac tellus. Suspendisse sed',192,192),
  (193,'in aliquet','Etiam gravida molestie arcu. Sed',193,193),
  (194,'gravida. Praesent','Phasellus dolor elit, pellentesque',194,194),
  (195,'Nunc ac','id, ante. Nunc mauris sapien, cursus in, hendrerit consectetuer,',195,195),
  (196,'pellentesque eget,','fermentum vel, mauris. Integer sem elit, pharetra ut, pharetra sed,',196,196),
  (197,'vitae','vehicula aliquet libero. Integer in magna. Phasellus dolor elit, pellentesque a,',197,197),
  (198,'elit,','mollis. Integer tincidunt aliquam arcu. Aliquam ultrices iaculis odio. Nam interdum enim',198,198),
  (199,'ante, iaculis','diam luctus lobortis. Class aptent taciti sociosqu ad litora',199,199),
  (200,'mauris. Suspendisse aliquet','habitant morbi',200,200);
GO

INSERT INTO [Moukitube].[dbo].[sponsor] (id,name)
VALUES
  (1,'Natoque Penatibus Et Inc.'),
  (2,'Arcu Vestibulum Ltd'),
  (3,'Nec Metus PC'),
  (4,'Cras Interdum Ltd'),
  (5,'In Industries'),
  (6,'Libero Morbi Industries'),
  (7,'Risus Donec Nibh LLC'),
  (8,'Interdum Associates'),
  (9,'Dui In Institute'),
  (10,'Amet Foundation'),
  (11,'At Auctor Institute'),
  (12,'Et Magnis Dis Institute'),
  (13,'Vivamus Sit Consulting'),
  (14,'Sem Ltd'),
  (15,'Magna Tellus Faucibus Foundation'),
  (16,'Sollicitudin Orci Ltd'),
  (17,'Nam Porttitor Scelerisque Limited'),
  (18,'Auctor Odio LLC'),
  (19,'Duis At Lacus Industries'),
  (20,'Sit Amet Foundation'),
  (21,'Nulla Ante Company'),
  (22,'Consequat Nec Mollis Consulting'),
  (23,'Vel Faucibus PC'),
  (24,'Mauris Ut Quam Company'),
  (25,'Feugiat Non Foundation'),
  (26,'Arcu Inc.'),
  (27,'Ligula Eu Company'),
  (28,'Vitae Nibh Donec Inc.'),
  (29,'Curabitur Vel Limited'),
  (30,'Duis Sit Foundation'),
  (31,'Odio Corporation'),
  (32,'Dictum Ultricies LLP'),
  (33,'Magna Corporation'),
  (34,'Tincidunt Orci Consulting'),
  (35,'Vehicula Risus Nulla Corporation'),
  (36,'Imperdiet Non Corporation'),
  (37,'Nullam Vitae Diam Corp.'),
  (38,'Maecenas Malesuada Institute'),
  (39,'Non Bibendum LLC'),
  (40,'Ridiculus Mus Inc.'),
  (41,'Mauris Corp.'),
  (42,'Faucibus Corp.'),
  (43,'Lorem Company'),
  (44,'Cum Sociis Incorporated'),
  (45,'Tempor Arcu Vestibulum LLP'),
  (46,'Duis Elementum Consulting'),
  (47,'Amet LLC'),
  (48,'Nec Tempus Foundation'),
  (49,'Phasellus Industries'),
  (50,'Elit Pretium LLC'),
  (51,'Mauris Sagittis LLP'),
  (52,'Est LLP'),
  (53,'Et Associates'),
  (54,'Lacus PC'),
  (55,'Massa Quisque LLP'),
  (56,'Id PC'),
  (57,'Placerat Cras Dictum Foundation'),
  (58,'Donec Est Mauris Industries'),
  (59,'Posuere Cubilia Corp.'),
  (60,'Mauris Magna Industries'),
  (61,'Luctus LLC'),
  (62,'Egestas Ligula Corporation'),
  (63,'Tempus Lorem Institute'),
  (64,'Mus LLC'),
  (65,'Lacus Aliquam Institute'),
  (66,'Non Arcu Industries'),
  (67,'Nascetur Incorporated'),
  (68,'Mi Felis Corp.'),
  (69,'Iaculis Aliquet Inc.'),
  (70,'Lacinia Vitae Consulting'),
  (71,'Fusce LLC'),
  (72,'Pellentesque Massa Inc.'),
  (73,'Amet Orci LLP'),
  (74,'Ut Industries'),
  (75,'Vestibulum Accumsan Neque Institute'),
  (76,'Facilisis Eget Limited'),
  (77,'Bibendum Ullamcorper PC'),
  (78,'Ridiculus Mus Aenean Foundation'),
  (79,'Ullamcorper Institute'),
  (80,'Massa Suspendisse Eleifend Associates'),
  (81,'Lacus Pede Foundation'),
  (82,'Sit Company'),
  (83,'Lorem Industries'),
  (84,'Sollicitudin A Corp.'),
  (85,'Vestibulum Ut Institute'),
  (86,'Phasellus Institute'),
  (87,'Ullamcorper Foundation'),
  (88,'Donec Elementum Lorem Institute'),
  (89,'Lectus Rutrum LLP'),
  (90,'Posuere At LLC'),
  (91,'Ac Mattis Velit LLC'),
  (92,'Proin PC'),
  (93,'Tellus Associates'),
  (94,'Mollis Non Corporation'),
  (95,'Interdum Corporation'),
  (96,'Egestas Blandit Corp.'),
  (97,'Iaculis Enim Sit Associates'),
  (98,'Sem Egestas Corp.'),
  (99,'Eu Elit Nulla Incorporated'),
  (100,'Accumsan Associates'),
  (101,'Libero Est Company'),
  (102,'Malesuada Vel Foundation'),
  (103,'Fringilla LLP'),
  (104,'Donec Feugiat Inc.'),
  (105,'Phasellus Nulla Corp.'),
  (106,'Condimentum Donec At LLC'),
  (107,'Eu Inc.'),
  (108,'Sapien Industries'),
  (109,'Sollicitudin Inc.'),
  (110,'Tristique LLP'),
  (111,'Eleifend Egestas PC'),
  (112,'Ultricies Adipiscing Incorporated'),
  (113,'Eu Odio LLC'),
  (114,'Elit Fermentum LLP'),
  (115,'Consectetuer Mauris PC'),
  (116,'Elit Consulting'),
  (117,'Dictum Corp.'),
  (118,'Ante Blandit Viverra Incorporated'),
  (119,'Sem Ut Foundation'),
  (120,'Ac Mattis Ornare LLP'),
  (121,'Mauris Id Incorporated'),
  (122,'Aliquam Tincidunt Foundation'),
  (123,'Elit Corp.'),
  (124,'Lacinia Mattis PC'),
  (125,'Odio Tristique Consulting'),
  (126,'Amet Risus Donec Incorporated'),
  (127,'At Libero Institute'),
  (128,'Suspendisse Incorporated'),
  (129,'Ante Bibendum Ullamcorper Consulting'),
  (130,'Vel Pede Corp.'),
  (131,'At Pede Inc.'),
  (132,'Luctus Ut Consulting'),
  (133,'Scelerisque Lorem Ipsum Corp.'),
  (134,'Et Ltd'),
  (135,'Ultrices A Associates'),
  (136,'Mi Corp.'),
  (137,'Congue A Aliquet Associates'),
  (138,'Tellus Phasellus Company'),
  (139,'At Foundation'),
  (140,'Dolor Incorporated'),
  (141,'Suspendisse Tristique Associates'),
  (142,'Egestas Blandit Corporation'),
  (143,'Adipiscing Mauris Molestie Company'),
  (144,'Nam Company'),
  (145,'Cum Sociis Consulting'),
  (146,'Gravida Sit Corporation'),
  (147,'Arcu Aliquam Ultrices PC'),
  (148,'Sit Amet Consectetuer LLC'),
  (149,'Eget Ipsum Suspendisse Limited'),
  (150,'Turpis Foundation'),
  (151,'Sagittis LLC'),
  (152,'Tellus Phasellus Industries'),
  (153,'In Nec Associates'),
  (154,'Cras Lorem Lorem Associates'),
  (155,'Tempus Scelerisque LLP'),
  (156,'Phasellus At Augue Incorporated'),
  (157,'Vivamus Non Company'),
  (158,'Non Sapien PC'),
  (159,'Tempus Risus Donec Consulting'),
  (160,'Ipsum Institute'),
  (161,'Mauris Suspendisse Aliquet Limited'),
  (162,'Purus Corp.'),
  (163,'Libero Industries'),
  (164,'Ut Institute'),
  (165,'Mi Pede Corporation'),
  (166,'Erat Ltd'),
  (167,'Urna Vivamus Associates'),
  (168,'Aliquet Associates'),
  (169,'In PC'),
  (170,'Egestas A Incorporated'),
  (171,'Commodo Tincidunt Nibh Corp.'),
  (172,'Malesuada Vel Company'),
  (173,'Eget Metus In LLC'),
  (174,'Mi Institute'),
  (175,'Ultrices Corporation'),
  (176,'Vitae Sodales Corporation'),
  (177,'Ornare Lectus Ante PC'),
  (178,'Netus Et PC'),
  (179,'Vitae Institute'),
  (180,'Sem Ut Ltd'),
  (181,'In LLP'),
  (182,'Eu Elit PC'),
  (183,'Nisi Nibh Institute'),
  (184,'Diam Luctus Ltd'),
  (185,'Placerat Limited'),
  (186,'Fusce Mollis Duis LLP'),
  (187,'Luctus Lobortis Associates'),
  (188,'Non Nisi Aenean Industries'),
  (189,'Vitae LLC'),
  (190,'Nec Ltd'),
  (191,'At Augue Id Ltd'),
  (192,'Odio Nam Ltd'),
  (193,'Et LLC'),
  (194,'Nisl Associates'),
  (195,'Feugiat Corp.'),
  (196,'Cursus Corp.'),
  (197,'Justo Nec LLC'),
  (198,'Ut Odio Limited'),
  (199,'Erat Inc.'),
  (200,'Tincidunt Orci Quis Company');
GO

INSERT INTO [Moukitube].[dbo].[playlists] (id,name,types_id,users_id)
VALUES
  (1,'purus, in',1,1),
  (2,'ultricies adipiscing,',2,2),
  (3,'montes,',3,3),
  (4,'diam luctus',4,4),
  (5,'eget magna. Suspendisse',5,5),
  (6,'penatibus et',6,6),
  (7,'sem ut',7,7),
  (8,'montes,',8,8),
  (9,'dui quis',9,9),
  (10,'convallis',10,10),
  (11,'eget lacus.',11,11),
  (12,'varius ultrices,',12,12),
  (13,'porttitor interdum. Sed',13,13),
  (14,'per conubia',14,14),
  (15,'luctus. Curabitur',15,15),
  (16,'convallis ligula.',16,16),
  (17,'adipiscing lacus. Ut',17,17),
  (18,'tempor arcu.',18,18),
  (19,'orci, consectetuer',19,19),
  (20,'adipiscing ligula.',20,20),
  (21,'massa',21,21),
  (22,'in molestie',22,22),
  (23,'metus',23,23),
  (24,'Nunc mauris. Morbi',24,24),
  (25,'amet, consectetuer',25,25),
  (26,'Integer',26,26),
  (27,'magna a neque.',27,27),
  (28,'molestie',28,28),
  (29,'Sed nulla',29,29),
  (30,'in consequat',30,30),
  (31,'eros nec',31,31),
  (32,'Aliquam',32,32),
  (33,'magna nec',33,33),
  (34,'Sed',34,34),
  (35,'dapibus',35,35),
  (36,'eu, euismod',36,36),
  (37,'Phasellus in',37,37),
  (38,'neque pellentesque',38,38),
  (39,'Cras',39,39),
  (40,'eget odio.',40,40),
  (41,'faucibus id, libero.',41,41),
  (42,'justo. Proin non',42,42),
  (43,'Vivamus nisi. Mauris',43,43),
  (44,'ultrices, mauris',44,44),
  (45,'sapien. Aenean',45,45),
  (46,'in, tempus eu,',46,46),
  (47,'et magnis dis',47,47),
  (48,'natoque penatibus',48,48),
  (49,'nec, mollis',49,49),
  (50,'Donec',50,50),
  (51,'odio a purus.',51,51),
  (52,'rutrum urna,',52,52),
  (53,'pharetra. Nam ac',53,53),
  (54,'Etiam',54,54),
  (55,'lectus pede',55,55),
  (56,'eget odio.',56,56),
  (57,'risus. Nulla',57,57),
  (58,'Fusce fermentum',58,58),
  (59,'Etiam',59,59),
  (60,'Nulla tempor',60,60),
  (61,'eu, accumsan',61,61),
  (62,'eu, euismod ac,',62,62),
  (63,'interdum ligula eu',63,63),
  (64,'magnis',64,64),
  (65,'Nunc sollicitudin commodo',65,65),
  (66,'nec',66,66),
  (67,'lorem,',67,67),
  (68,'nisi dictum augue',68,68),
  (69,'vulputate,',69,69),
  (70,'dictum',70,70),
  (71,'In condimentum.',71,71),
  (72,'urna, nec luctus',72,72),
  (73,'Cras',73,73),
  (74,'non, egestas',74,74),
  (75,'Nam tempor',75,75),
  (76,'dictum eu,',76,76),
  (77,'amet, risus.',77,77),
  (78,'sodales purus,',78,78),
  (79,'Aliquam tincidunt, nunc',79,79),
  (80,'lacus. Quisque',80,80),
  (81,'nonummy ut,',81,81),
  (82,'mollis lectus',82,82),
  (83,'orci, consectetuer euismod',83,83),
  (84,'odio.',84,84),
  (85,'ac metus',85,85),
  (86,'iaculis quis, pede.',86,86),
  (87,'dictum eleifend, nunc',87,87),
  (88,'Aenean',88,88),
  (89,'consectetuer mauris',89,89),
  (90,'Nam',90,90),
  (91,'ac nulla. In',91,91),
  (92,'dignissim tempor',92,92),
  (93,'lacus. Quisque imperdiet,',93,93),
  (94,'egestas. Aliquam fringilla',94,94),
  (95,'sem semper',95,95),
  (96,'malesuada',96,96),
  (97,'egestas. Sed pharetra,',97,97),
  (98,'Duis a',98,98),
  (99,'id nunc interdum',99,99),
  (100,'arcu. Sed',100,100),
  (101,'purus',101,101),
  (102,'enim mi tempor',102,102),
  (103,'non arcu. Vivamus',103,103),
  (104,'tempor augue ac',104,104),
  (105,'et magnis',105,105),
  (106,'in molestie',106,106),
  (107,'Quisque nonummy',107,107),
  (108,'eget varius',108,108),
  (109,'sed',109,109),
  (110,'Pellentesque ultricies',110,110),
  (111,'non lorem',111,111),
  (112,'libero. Donec consectetuer',112,112),
  (113,'Nulla dignissim. Maecenas',113,113),
  (114,'parturient montes,',114,114),
  (115,'a neque. Nullam',115,115),
  (116,'quis,',116,116),
  (117,'eu arcu.',117,117),
  (118,'ipsum leo',118,118),
  (119,'pharetra.',119,119),
  (120,'adipiscing fringilla, porttitor',120,120),
  (121,'tincidunt',121,121),
  (122,'lorem, vehicula',122,122),
  (123,'montes, nascetur',123,123),
  (124,'Vivamus non lorem',124,124),
  (125,'amet, consectetuer',125,125),
  (126,'libero',126,126),
  (127,'molestie',127,127),
  (128,'at arcu.',128,128),
  (129,'Vivamus non lorem',129,129),
  (130,'aliquet. Phasellus fermentum',130,130),
  (131,'lorem.',131,131),
  (132,'Aenean sed',132,132),
  (133,'fames ac turpis',133,133),
  (134,'sed tortor.',134,134),
  (135,'purus.',135,135),
  (136,'sem, vitae aliquam',136,136),
  (137,'felis',137,137),
  (138,'egestas.',138,138),
  (139,'dui, in',139,139),
  (140,'diam luctus',140,140),
  (141,'Aliquam rutrum',141,141),
  (142,'vel, mauris.',142,142),
  (143,'nisi sem',143,143),
  (144,'convallis erat, eget',144,144),
  (145,'aliquet',145,145),
  (146,'mauris elit,',146,146),
  (147,'nascetur ridiculus',147,147),
  (148,'nascetur',148,148),
  (149,'Maecenas mi',149,149),
  (150,'tellus. Suspendisse',150,150),
  (151,'Maecenas libero',151,151),
  (152,'risus. In',152,152),
  (153,'ac mattis',153,153),
  (154,'Pellentesque',154,154),
  (155,'congue, elit sed',155,155),
  (156,'mollis. Duis',156,156),
  (157,'vitae nibh. Donec',157,157),
  (158,'Donec fringilla.',158,158),
  (159,'quis, tristique',159,159),
  (160,'ac turpis',160,160),
  (161,'in',161,161),
  (162,'Quisque',162,162),
  (163,'ultrices. Duis volutpat',163,163),
  (164,'et malesuada',164,164),
  (165,'arcu. Curabitur',165,165),
  (166,'arcu.',166,166),
  (167,'Phasellus ornare.',167,167),
  (168,'scelerisque, lorem ipsum',168,168),
  (169,'arcu',169,169),
  (170,'sem eget',170,170),
  (171,'pellentesque, tellus',171,171),
  (172,'netus et',172,172),
  (173,'Nulla interdum.',173,173),
  (174,'vulputate eu,',174,174),
  (175,'lorem. Donec elementum,',175,175),
  (176,'Proin nisl',176,176),
  (177,'risus quis',177,177),
  (178,'scelerisque',178,178),
  (179,'placerat, orci',179,179),
  (180,'ut, sem.',180,180),
  (181,'mollis lectus pede',181,181),
  (182,'eget varius',182,182),
  (183,'velit',183,183),
  (184,'velit eget',184,184),
  (185,'sapien. Cras',185,185),
  (186,'cursus et,',186,186),
  (187,'pede sagittis augue,',187,187),
  (188,'ridiculus mus.',188,188),
  (189,'arcu. Vestibulum',189,189),
  (190,'nunc',190,190),
  (191,'blandit',191,191),
  (192,'hendrerit. Donec porttitor',192,192),
  (193,'lacus. Quisque',193,193),
  (194,'Nunc',194,194),
  (195,'Morbi vehicula. Pellentesque',195,195),
  (196,'adipiscing lacus.',196,196),
  (197,'arcu. Vestibulum ut',197,197),
  (198,'Duis sit amet',198,198),
  (199,'ac mi',199,199),
  (200,'Sed eu eros.',200,200);
GO

INSERT INTO [Moukitube].[dbo].[videos_sponsorised_sponsors] (id,price,videos_id,sponsor_id)
VALUES
  (1,'$6,395.17',1,1),
  (2,'$2,122.10',2,2),
  (3,'$2,344.38',3,3),
  (4,'$1,786.90',4,4),
  (5,'$8,687.68',5,5),
  (6,'$6,516.12',6,6),
  (7,'$7,877.31',7,7),
  (8,'$7,813.96',8,8),
  (9,'$9,016.60',9,9),
  (10,'$1,455.94',10,10),
  (11,'$1,370.18',11,11),
  (12,'$6,654.83',12,12),
  (13,'$8,308.26',13,13),
  (14,'$8,709.39',14,14),
  (15,'$760.44',15,15),
  (16,'$643.55',16,16),
  (17,'$7,944.37',17,17),
  (18,'$5,950.94',18,18),
  (19,'$2,926.50',19,19),
  (20,'$706.20',20,20),
  (21,'$4,865.17',21,21),
  (22,'$4,032.07',22,22),
  (23,'$9,175.36',23,23),
  (24,'$1,045.32',24,24),
  (25,'$4,554.03',25,25),
  (26,'$6,535.18',26,26),
  (27,'$5,074.81',27,27),
  (28,'$2,774.60',28,28),
  (29,'$5,651.21',29,29),
  (30,'$8,410.74',30,30),
  (31,'$5,986.56',31,31),
  (32,'$8,497.78',32,32),
  (33,'$2,771.99',33,33),
  (34,'$7,676.82',34,34),
  (35,'$9,615.59',35,35),
  (36,'$5,942.24',36,36),
  (37,'$4,953.62',37,37),
  (38,'$3,977.03',38,38),
  (39,'$1,127.25',39,39),
  (40,'$4,633.64',40,40),
  (41,'$7,700.51',41,41),
  (42,'$8,299.67',42,42),
  (43,'$9,040.29',43,43),
  (44,'$5,434.24',44,44),
  (45,'$2,956.97',45,45),
  (46,'$8,997.28',46,46),
  (47,'$7,578.86',47,47),
  (48,'$3,641.43',48,48),
  (49,'$8,578.12',49,49),
  (50,'$9,085.60',50,50),
  (51,'$1,548.76',51,51),
  (52,'$3,268.82',52,52),
  (53,'$4,184.83',53,53),
  (54,'$314.98',54,54),
  (55,'$8,218.62',55,55),
  (56,'$997.53',56,56),
  (57,'$5,966.96',57,57),
  (58,'$8,201.34',58,58),
  (59,'$7,164.90',59,59),
  (60,'$5,857.77',60,60),
  (61,'$5,776.61',61,61),
  (62,'$1,591.70',62,62),
  (63,'$1,701.62',63,63),
  (64,'$6,199.20',64,64),
  (65,'$8,940.60',65,65),
  (66,'$3,240.42',66,66),
  (67,'$558.18',67,67),
  (68,'$4,165.52',68,68),
  (69,'$4,091.70',69,69),
  (70,'$8,850.77',70,70),
  (71,'$1,883.98',71,71),
  (72,'$3,509.51',72,72),
  (73,'$7,822.54',73,73),
  (74,'$5,066.48',74,74),
  (75,'$3,478.71',75,75),
  (76,'$5,952.55',76,76),
  (77,'$741.35',77,77),
  (78,'$1,753.28',78,78),
  (79,'$8,257.95',79,79),
  (80,'$9,864.59',80,80),
  (81,'$767.93',81,81),
  (82,'$7,976.08',82,82),
  (83,'$8,138.41',83,83),
  (84,'$9,527.73',84,84),
  (85,'$9,757.41',85,85),
  (86,'$8,031.88',86,86),
  (87,'$9,836.59',87,87),
  (88,'$2,987.40',88,88),
  (89,'$6,896.35',89,89),
  (90,'$2,705.91',90,90),
  (91,'$4,419.24',91,91),
  (92,'$258.09',92,92),
  (93,'$6,071.40',93,93),
  (94,'$9,753.38',94,94),
  (95,'$7,502.65',95,95),
  (96,'$2,850.14',96,96),
  (97,'$6,168.09',97,97),
  (98,'$2,042.71',98,98),
  (99,'$8,739.48',99,99),
  (100,'$7,743.53',100,100),
  (101,'$782.17',101,101),
  (102,'$4,163.04',102,102),
  (103,'$9,849.24',103,103),
  (104,'$4,283.25',104,104),
  (105,'$3,749.97',105,105),
  (106,'$3,879.91',106,106),
  (107,'$6,136.46',107,107),
  (108,'$7,143.04',108,108),
  (109,'$3,953.64',109,109),
  (110,'$3,994.38',110,110),
  (111,'$5,579.60',111,111),
  (112,'$1,494.52',112,112),
  (113,'$263.09',113,113),
  (114,'$3,330.66',114,114),
  (115,'$6,994.54',115,115),
  (116,'$7,857.87',116,116),
  (117,'$6,691.15',117,117),
  (118,'$1,976.49',118,118),
  (119,'$3,179.91',119,119),
  (120,'$3,689.56',120,120),
  (121,'$7,087.64',121,121),
  (122,'$915.32',122,122),
  (123,'$8,812.49',123,123),
  (124,'$9,836.78',124,124),
  (125,'$7,066.62',125,125),
  (126,'$9,990.56',126,126),
  (127,'$8,452.97',127,127),
  (128,'$9,451.56',128,128),
  (129,'$4,722.81',129,129),
  (130,'$3,584.56',130,130),
  (131,'$9,283.18',131,131),
  (132,'$5,739.56',132,132),
  (133,'$9,995.86',133,133),
  (134,'$6,814.81',134,134),
  (135,'$9,903.40',135,135),
  (136,'$7,279.76',136,136),
  (137,'$7,831.92',137,137),
  (138,'$2,423.16',138,138),
  (139,'$1,388.66',139,139),
  (140,'$2,408.25',140,140),
  (141,'$4,682.76',141,141),
  (142,'$5,754.86',142,142),
  (143,'$5,491.41',143,143),
  (144,'$8,594.37',144,144),
  (145,'$3,686.40',145,145),
  (146,'$9,965.75',146,146),
  (147,'$2,490.19',147,147),
  (148,'$8,033.41',148,148),
  (149,'$1,243.53',149,149),
  (150,'$2,987.31',150,150),
  (151,'$8,558.74',151,151),
  (152,'$1,968.79',152,152),
  (153,'$6,796.00',153,153),
  (154,'$9,719.37',154,154),
  (155,'$8,719.98',155,155),
  (156,'$4,669.52',156,156),
  (157,'$5,175.18',157,157),
  (158,'$3,839.38',158,158),
  (159,'$8,307.06',159,159),
  (160,'$8,605.47',160,160),
  (161,'$3,425.41',161,161),
  (162,'$1,897.60',162,162),
  (163,'$1,456.65',163,163),
  (164,'$1,746.42',164,164),
  (165,'$4,922.73',165,165),
  (166,'$6,832.43',166,166),
  (167,'$540.65',167,167),
  (168,'$6,352.21',168,168),
  (169,'$6,002.92',169,169),
  (170,'$1,556.89',170,170),
  (171,'$6,054.61',171,171),
  (172,'$5,666.07',172,172),
  (173,'$9,691.90',173,173),
  (174,'$1,267.53',174,174),
  (175,'$788.50',175,175),
  (176,'$6,807.74',176,176),
  (177,'$1,900.99',177,177),
  (178,'$4,020.63',178,178),
  (179,'$9,728.85',179,179),
  (180,'$2,214.29',180,180),
  (181,'$3,178.45',181,181),
  (182,'$3,960.09',182,182),
  (183,'$2,370.13',183,183),
  (184,'$3,277.46',184,184),
  (185,'$2,040.87',185,185),
  (186,'$3,921.70',186,186),
  (187,'$318.12',187,187),
  (188,'$3,230.55',188,188),
  (189,'$1,039.20',189,189),
  (190,'$9,414.03',190,190),
  (191,'$4,649.51',191,191),
  (192,'$3,760.00',192,192),
  (193,'$9,810.31',193,193),
  (194,'$4,617.95',194,194),
  (195,'$9,032.71',195,195),
  (196,'$752.33',196,196),
  (197,'$826.38',197,197),
  (198,'$2,147.07',198,198),
  (199,'$2,325.47',199,199),
  (200,'$7,704.66',200,200);
GO

INSERT INTO [Moukitube].[dbo].[videos_like_users] (id,types,videos_id,users_id)
VALUES
  (1,'J''aime',1,1),
  (2,'J''aime pas',2,2),
  (3,'J''aime pas',3,3),
  (4,'J''aime pas',4,4),
  (5,'J''aime',5,5),
  (6,'J''aime pas',6,6),
  (7,'J''aime',7,7),
  (8,'J''aime pas',8,8),
  (9,'J''aime',9,9),
  (10,'J''aime pas',10,10),
  (11,'J''aime pas',11,11),
  (12,'J''aime pas',12,12),
  (13,'J''aime pas',13,13),
  (14,'J''aime',14,14),
  (15,'J''aime pas',15,15),
  (16,'J''aime',16,16),
  (17,'J''aime',17,17),
  (18,'J''aime',18,18),
  (19,'J''aime',19,19),
  (20,'J''aime',20,20),
  (21,'J''aime pas',21,21),
  (22,'J''aime pas',22,22),
  (23,'J''aime pas',23,23),
  (24,'J''aime',24,24),
  (25,'J''aime',25,25),
  (26,'J''aime',26,26),
  (27,'J''aime',27,27),
  (28,'J''aime pas',28,28),
  (29,'J''aime',29,29),
  (30,'J''aime pas',30,30),
  (31,'J''aime',31,31),
  (32,'J''aime pas',32,32),
  (33,'J''aime',33,33),
  (34,'J''aime',34,34),
  (35,'J''aime',35,35),
  (36,'J''aime pas',36,36),
  (37,'J''aime pas',37,37),
  (38,'J''aime',38,38),
  (39,'J''aime',39,39),
  (40,'J''aime pas',40,40),
  (41,'J''aime',41,41),
  (42,'J''aime',42,42),
  (43,'J''aime',43,43),
  (44,'J''aime pas',44,44),
  (45,'J''aime pas',45,45),
  (46,'J''aime',46,46),
  (47,'J''aime',47,47),
  (48,'J''aime',48,48),
  (49,'J''aime',49,49),
  (50,'J''aime',50,50),
  (51,'J''aime pas',51,51),
  (52,'J''aime',52,52),
  (53,'J''aime',53,53),
  (54,'J''aime',54,54),
  (55,'J''aime pas',55,55),
  (56,'J''aime',56,56),
  (57,'J''aime pas',57,57),
  (58,'J''aime pas',58,58),
  (59,'J''aime',59,59),
  (60,'J''aime pas',60,60),
  (61,'J''aime pas',61,61),
  (62,'J''aime pas',62,62),
  (63,'J''aime pas',63,63),
  (64,'J''aime',64,64),
  (65,'J''aime',65,65),
  (66,'J''aime',66,66),
  (67,'J''aime pas',67,67),
  (68,'J''aime',68,68),
  (69,'J''aime',69,69),
  (70,'J''aime',70,70),
  (71,'J''aime pas',71,71),
  (72,'J''aime pas',72,72),
  (73,'J''aime pas',73,73),
  (74,'J''aime',74,74),
  (75,'J''aime pas',75,75),
  (76,'J''aime',76,76),
  (77,'J''aime',77,77),
  (78,'J''aime',78,78),
  (79,'J''aime',79,79),
  (80,'J''aime pas',80,80),
  (81,'J''aime pas',81,81),
  (82,'J''aime pas',82,82),
  (83,'J''aime pas',83,83),
  (84,'J''aime pas',84,84),
  (85,'J''aime pas',85,85),
  (86,'J''aime',86,86),
  (87,'J''aime pas',87,87),
  (88,'J''aime',88,88),
  (89,'J''aime pas',89,89),
  (90,'J''aime pas',90,90),
  (91,'J''aime pas',91,91),
  (92,'J''aime',92,92),
  (93,'J''aime pas',93,93),
  (94,'J''aime',94,94),
  (95,'J''aime pas',95,95),
  (96,'J''aime pas',96,96),
  (97,'J''aime pas',97,97),
  (98,'J''aime',98,98),
  (99,'J''aime',99,99),
  (100,'J''aime',100,100),
  (101,'J''aime',101,101),
  (102,'J''aime pas',102,102),
  (103,'J''aime pas',103,103),
  (104,'J''aime',104,104),
  (105,'J''aime',105,105),
  (106,'J''aime',106,106),
  (107,'J''aime',107,107),
  (108,'J''aime',108,108),
  (109,'J''aime',109,109),
  (110,'J''aime pas',110,110),
  (111,'J''aime pas',111,111),
  (112,'J''aime',112,112),
  (113,'J''aime',113,113),
  (114,'J''aime pas',114,114),
  (115,'J''aime',115,115),
  (116,'J''aime',116,116),
  (117,'J''aime',117,117),
  (118,'J''aime pas',118,118),
  (119,'J''aime',119,119),
  (120,'J''aime pas',120,120),
  (121,'J''aime',121,121),
  (122,'J''aime',122,122),
  (123,'J''aime pas',123,123),
  (124,'J''aime',124,124),
  (125,'J''aime pas',125,125),
  (126,'J''aime',126,126),
  (127,'J''aime pas',127,127),
  (128,'J''aime pas',128,128),
  (129,'J''aime',129,129),
  (130,'J''aime',130,130),
  (131,'J''aime pas',131,131),
  (132,'J''aime',132,132),
  (133,'J''aime pas',133,133),
  (134,'J''aime pas',134,134),
  (135,'J''aime pas',135,135),
  (136,'J''aime pas',136,136),
  (137,'J''aime pas',137,137),
  (138,'J''aime pas',138,138),
  (139,'J''aime pas',139,139),
  (140,'J''aime',140,140),
  (141,'J''aime pas',141,141),
  (142,'J''aime pas',142,142),
  (143,'J''aime',143,143),
  (144,'J''aime pas',144,144),
  (145,'J''aime',145,145),
  (146,'J''aime',146,146),
  (147,'J''aime pas',147,147),
  (148,'J''aime',148,148),
  (149,'J''aime pas',149,149),
  (150,'J''aime pas',150,150),
  (151,'J''aime pas',151,151),
  (152,'J''aime',152,152),
  (153,'J''aime',153,153),
  (154,'J''aime',154,154),
  (155,'J''aime',155,155),
  (156,'J''aime',156,156),
  (157,'J''aime pas',157,157),
  (158,'J''aime',158,158),
  (159,'J''aime',159,159),
  (160,'J''aime pas',160,160),
  (161,'J''aime pas',161,161),
  (162,'J''aime pas',162,162),
  (163,'J''aime pas',163,163),
  (164,'J''aime',164,164),
  (165,'J''aime',165,165),
  (166,'J''aime pas',166,166),
  (167,'J''aime pas',167,167),
  (168,'J''aime',168,168),
  (169,'J''aime pas',169,169),
  (170,'J''aime',170,170),
  (171,'J''aime pas',171,171),
  (172,'J''aime pas',172,172),
  (173,'J''aime pas',173,173),
  (174,'J''aime',174,174),
  (175,'J''aime pas',175,175),
  (176,'J''aime pas',176,176),
  (177,'J''aime',177,177),
  (178,'J''aime pas',178,178),
  (179,'J''aime',179,179),
  (180,'J''aime',180,180),
  (181,'J''aime',181,181),
  (182,'J''aime',182,182),
  (183,'J''aime',183,183),
  (184,'J''aime pas',184,184),
  (185,'J''aime pas',185,185),
  (186,'J''aime pas',186,186),
  (187,'J''aime',187,187),
  (188,'J''aime',188,188),
  (189,'J''aime pas',189,189),
  (190,'J''aime pas',190,190),
  (191,'J''aime',191,191),
  (192,'J''aime',192,192),
  (193,'J''aime',193,193),
  (194,'J''aime pas',194,194),
  (195,'J''aime pas',195,195),
  (196,'J''aime',196,196),
  (197,'J''aime',197,197),
  (198,'J''aime',198,198),
  (199,'J''aime pas',199,199),
  (200,'J''aime',200,200);
GO

INSERT INTO [Moukitube].[dbo].[videos_share_users] (id,videos_id,users_id)
VALUES
  (1,1,1),
  (2,2,2),
  (3,3,3),
  (4,4,4),
  (5,5,5),
  (6,6,6),
  (7,7,7),
  (8,8,8),
  (9,9,9),
  (10,10,10),
  (11,11,11),
  (12,12,12),
  (13,13,13),
  (14,14,14),
  (15,15,15),
  (16,16,16),
  (17,17,17),
  (18,18,18),
  (19,19,19),
  (20,20,20),
  (21,21,21),
  (22,22,22),
  (23,23,23),
  (24,24,24),
  (25,25,25),
  (26,26,26),
  (27,27,27),
  (28,28,28),
  (29,29,29),
  (30,30,30),
  (31,31,31),
  (32,32,32),
  (33,33,33),
  (34,34,34),
  (35,35,35),
  (36,36,36),
  (37,37,37),
  (38,38,38),
  (39,39,39),
  (40,40,40),
  (41,41,41),
  (42,42,42),
  (43,43,43),
  (44,44,44),
  (45,45,45),
  (46,46,46),
  (47,47,47),
  (48,48,48),
  (49,49,49),
  (50,50,50),
  (51,51,51),
  (52,52,52),
  (53,53,53),
  (54,54,54),
  (55,55,55),
  (56,56,56),
  (57,57,57),
  (58,58,58),
  (59,59,59),
  (60,60,60),
  (61,61,61),
  (62,62,62),
  (63,63,63),
  (64,64,64),
  (65,65,65),
  (66,66,66),
  (67,67,67),
  (68,68,68),
  (69,69,69),
  (70,70,70),
  (71,71,71),
  (72,72,72),
  (73,73,73),
  (74,74,74),
  (75,75,75),
  (76,76,76),
  (77,77,77),
  (78,78,78),
  (79,79,79),
  (80,80,80),
  (81,81,81),
  (82,82,82),
  (83,83,83),
  (84,84,84),
  (85,85,85),
  (86,86,86),
  (87,87,87),
  (88,88,88),
  (89,89,89),
  (90,90,90),
  (91,91,91),
  (92,92,92),
  (93,93,93),
  (94,94,94),
  (95,95,95),
  (96,96,96),
  (97,97,97),
  (98,98,98),
  (99,99,99),
  (100,100,100),
  (101,101,101),
  (102,102,102),
  (103,103,103),
  (104,104,104),
  (105,105,105),
  (106,106,106),
  (107,107,107),
  (108,108,108),
  (109,109,109),
  (110,110,110),
  (111,111,111),
  (112,112,112),
  (113,113,113),
  (114,114,114),
  (115,115,115),
  (116,116,116),
  (117,117,117),
  (118,118,118),
  (119,119,119),
  (120,120,120),
  (121,121,121),
  (122,122,122),
  (123,123,123),
  (124,124,124),
  (125,125,125),
  (126,126,126),
  (127,127,127),
  (128,128,128),
  (129,129,129),
  (130,130,130),
  (131,131,131),
  (132,132,132),
  (133,133,133),
  (134,134,134),
  (135,135,135),
  (136,136,136),
  (137,137,137),
  (138,138,138),
  (139,139,139),
  (140,140,140),
  (141,141,141),
  (142,142,142),
  (143,143,143),
  (144,144,144),
  (145,145,145),
  (146,146,146),
  (147,147,147),
  (148,148,148),
  (149,149,149),
  (150,150,150),
  (151,151,151),
  (152,152,152),
  (153,153,153),
  (154,154,154),
  (155,155,155),
  (156,156,156),
  (157,157,157),
  (158,158,158),
  (159,159,159),
  (160,160,160),
  (161,161,161),
  (162,162,162),
  (163,163,163),
  (164,164,164),
  (165,165,165),
  (166,166,166),
  (167,167,167),
  (168,168,168),
  (169,169,169),
  (170,170,170),
  (171,171,171),
  (172,172,172),
  (173,173,173),
  (174,174,174),
  (175,175,175),
  (176,176,176),
  (177,177,177),
  (178,178,178),
  (179,179,179),
  (180,180,180),
  (181,181,181),
  (182,182,182),
  (183,183,183),
  (184,184,184),
  (185,185,185),
  (186,186,186),
  (187,187,187),
  (188,188,188),
  (189,189,189),
  (190,190,190),
  (191,191,191),
  (192,192,192),
  (193,193,193),
  (194,194,194),
  (195,195,195),
  (196,196,196),
  (197,197,197),
  (198,198,198),
  (199,199,199),
  (200,200,200);
GO

INSERT INTO [Moukitube].[dbo].[playlists_read_users] (id,users_id)
VALUES
  (1,1),
  (2,2),
  (3,3),
  (4,4),
  (5,5),
  (6,6),
  (7,7),
  (8,8),
  (9,9),
  (10,10),
  (11,11),
  (12,12),
  (13,13),
  (14,14),
  (15,15),
  (16,16),
  (17,17),
  (18,18),
  (19,19),
  (20,20),
  (21,21),
  (22,22),
  (23,23),
  (24,24),
  (25,25),
  (26,26),
  (27,27),
  (28,28),
  (29,29),
  (30,30),
  (31,31),
  (32,32),
  (33,33),
  (34,34),
  (35,35),
  (36,36),
  (37,37),
  (38,38),
  (39,39),
  (40,40),
  (41,41),
  (42,42),
  (43,43),
  (44,44),
  (45,45),
  (46,46),
  (47,47),
  (48,48),
  (49,49),
  (50,50),
  (51,51),
  (52,52),
  (53,53),
  (54,54),
  (55,55),
  (56,56),
  (57,57),
  (58,58),
  (59,59),
  (60,60),
  (61,61),
  (62,62),
  (63,63),
  (64,64),
  (65,65),
  (66,66),
  (67,67),
  (68,68),
  (69,69),
  (70,70),
  (71,71),
  (72,72),
  (73,73),
  (74,74),
  (75,75),
  (76,76),
  (77,77),
  (78,78),
  (79,79),
  (80,80),
  (81,81),
  (82,82),
  (83,83),
  (84,84),
  (85,85),
  (86,86),
  (87,87),
  (88,88),
  (89,89),
  (90,90),
  (91,91),
  (92,92),
  (93,93),
  (94,94),
  (95,95),
  (96,96),
  (97,97),
  (98,98),
  (99,99),
  (100,100),
  (101,101),
  (102,102),
  (103,103),
  (104,104),
  (105,105),
  (106,106),
  (107,107),
  (108,108),
  (109,109),
  (110,110),
  (111,111),
  (112,112),
  (113,113),
  (114,114),
  (115,115),
  (116,116),
  (117,117),
  (118,118),
  (119,119),
  (120,120),
  (121,121),
  (122,122),
  (123,123),
  (124,124),
  (125,125),
  (126,126),
  (127,127),
  (128,128),
  (129,129),
  (130,130),
  (131,131),
  (132,132),
  (133,133),
  (134,134),
  (135,135),
  (136,136),
  (137,137),
  (138,138),
  (139,139),
  (140,140),
  (141,141),
  (142,142),
  (143,143),
  (144,144),
  (145,145),
  (146,146),
  (147,147),
  (148,148),
  (149,149),
  (150,150),
  (151,151),
  (152,152),
  (153,153),
  (154,154),
  (155,155),
  (156,156),
  (157,157),
  (158,158),
  (159,159),
  (160,160),
  (161,161),
  (162,162),
  (163,163),
  (164,164),
  (165,165),
  (166,166),
  (167,167),
  (168,168),
  (169,169),
  (170,170),
  (171,171),
  (172,172),
  (173,173),
  (174,174),
  (175,175),
  (176,176),
  (177,177),
  (178,178),
  (179,179),
  (180,180),
  (181,181),
  (182,182),
  (183,183),
  (184,184),
  (185,185),
  (186,186),
  (187,187),
  (188,188),
  (189,189),
  (190,190),
  (191,191),
  (192,192),
  (193,193),
  (194,194),
  (195,195),
  (196,196),
  (197,197),
  (198,198),
  (199,199),
  (200,200);
GO

INSERT INTO [Moukitube].[dbo].[users_subscribe_channel] (id,users_id,channel_id)
VALUES
  (1,1,1),
  (2,2,2),
  (3,3,3),
  (4,4,4),
  (5,5,5),
  (6,6,6),
  (7,7,7),
  (8,8,8),
  (9,9,9),
  (10,10,10),
  (11,11,11),
  (12,12,12),
  (13,13,13),
  (14,14,14),
  (15,15,15),
  (16,16,16),
  (17,17,17),
  (18,18,18),
  (19,19,19),
  (20,20,20),
  (21,21,21),
  (22,22,22),
  (23,23,23),
  (24,24,24),
  (25,25,25),
  (26,26,26),
  (27,27,27),
  (28,28,28),
  (29,29,29),
  (30,30,30),
  (31,31,31),
  (32,32,32),
  (33,33,33),
  (34,34,34),
  (35,35,35),
  (36,36,36),
  (37,37,37),
  (38,38,38),
  (39,39,39),
  (40,40,40),
  (41,41,41),
  (42,42,42),
  (43,43,43),
  (44,44,44),
  (45,45,45),
  (46,46,46),
  (47,47,47),
  (48,48,48),
  (49,49,49),
  (50,50,50),
  (51,51,51),
  (52,52,52),
  (53,53,53),
  (54,54,54),
  (55,55,55),
  (56,56,56),
  (57,57,57),
  (58,58,58),
  (59,59,59),
  (60,60,60),
  (61,61,61),
  (62,62,62),
  (63,63,63),
  (64,64,64),
  (65,65,65),
  (66,66,66),
  (67,67,67),
  (68,68,68),
  (69,69,69),
  (70,70,70),
  (71,71,71),
  (72,72,72),
  (73,73,73),
  (74,74,74),
  (75,75,75),
  (76,76,76),
  (77,77,77),
  (78,78,78),
  (79,79,79),
  (80,80,80),
  (81,81,81),
  (82,82,82),
  (83,83,83),
  (84,84,84),
  (85,85,85),
  (86,86,86),
  (87,87,87),
  (88,88,88),
  (89,89,89),
  (90,90,90),
  (91,91,91),
  (92,92,92),
  (93,93,93),
  (94,94,94),
  (95,95,95),
  (96,96,96),
  (97,97,97),
  (98,98,98),
  (99,99,99),
  (100,100,100),
  (101,101,101),
  (102,102,102),
  (103,103,103),
  (104,104,104),
  (105,105,105),
  (106,106,106),
  (107,107,107),
  (108,108,108),
  (109,109,109),
  (110,110,110),
  (111,111,111),
  (112,112,112),
  (113,113,113),
  (114,114,114),
  (115,115,115),
  (116,116,116),
  (117,117,117),
  (118,118,118),
  (119,119,119),
  (120,120,120),
  (121,121,121),
  (122,122,122),
  (123,123,123),
  (124,124,124),
  (125,125,125),
  (126,126,126),
  (127,127,127),
  (128,128,128),
  (129,129,129),
  (130,130,130),
  (131,131,131),
  (132,132,132),
  (133,133,133),
  (134,134,134),
  (135,135,135),
  (136,136,136),
  (137,137,137),
  (138,138,138),
  (139,139,139),
  (140,140,140),
  (141,141,141),
  (142,142,142),
  (143,143,143),
  (144,144,144),
  (145,145,145),
  (146,146,146),
  (147,147,147),
  (148,148,148),
  (149,149,149),
  (150,150,150),
  (151,151,151),
  (152,152,152),
  (153,153,153),
  (154,154,154),
  (155,155,155),
  (156,156,156),
  (157,157,157),
  (158,158,158),
  (159,159,159),
  (160,160,160),
  (161,161,161),
  (162,162,162),
  (163,163,163),
  (164,164,164),
  (165,165,165),
  (166,166,166),
  (167,167,167),
  (168,168,168),
  (169,169,169),
  (170,170,170),
  (171,171,171),
  (172,172,172),
  (173,173,173),
  (174,174,174),
  (175,175,175),
  (176,176,176),
  (177,177,177),
  (178,178,178),
  (179,179,179),
  (180,180,180),
  (181,181,181),
  (182,182,182),
  (183,183,183),
  (184,184,184),
  (185,185,185),
  (186,186,186),
  (187,187,187),
  (188,188,188),
  (189,189,189),
  (190,190,190),
  (191,191,191),
  (192,192,192),
  (193,193,193),
  (194,194,194),
  (195,195,195),
  (196,196,196),
  (197,197,197),
  (198,198,198),
  (199,199,199),
  (200,200,200);
GO